AAAAAAAACCATTTGGCAGTGCGAAAGCACTGCCAAATGGTTTTTTTT,-26.55
AAAAAAAAGCAATTTTCAGTGCTTTCGCACTGAAAATTGCTTTTTTTT,-23.06
AAAAAAAAGGAATGCTCAGTGCTTTCGCACTGAGCATTCCTTTTTTTT,-24.48
AAAAAAAAGGAGTGTACAGTGCGAAAGCACTGTACACTCCTTTTTTTT,-25.46
AAAAAAAAGGTAGTGTCAGTGCTTTCGCACTGACACTACCTTTTTTTT,-23.96
AAAAAAAAGGTATATTCAGTGCTTTCGCACTGAATATACCTTTTTTTT,-21.69
AAAAAAAAGGTATGCACAGTGCTTTCGCACTGTGCATACCTTTTTTTT,-24.51
AAAAAAAAGGTCAGAACAGTGCGAAAGCACTGTTCTGACCTTTTTTTT,-25.74
AAAAAAAAGGTCGTTACAGTGCGAAAGCACTGTAACGACCTTTTTTTT,-25.9
AAAAAAAAGGTGAGTTCAGTGCTTTCGCACTGAACTCACCTTTTTTTT,-24.24
AAAAAAAAGGTGATTTCAGTGCGAAAGCACTGAAATCACCTTTTTTTT,-24.9
AAAAAAAAGGTGGTAGCAGTGCTTTCGCACTGCTACCACCTTTTTTTT,-25.3
AAAAAAAAGGTGTGATCAGTGCGAAAGCACTGATCACACCTTTTTTTT,-25.79
AAAAAAAAGGTGTTGTCAGTGCTTTCGCACTGACAACACCTTTTTTTT,-24.55
AAAAAAAAGGTTTTAGCAGTGCGAAAGCACTGCTAAAACCTTTTTTTT,-25.07
AAAAAAAAGGTTTTCTCAGTGCGAAAGCACTGAGAAAACCTTTTTTTT,-24.85
AAAAAAAAGGTTTTATCAGTGCGAAAGCACTGATAAAACCTTTTTTTT,-23.73
AAAAAAAAGGTCTGAACAGTGCGAAAGCACTGTTCAGACCTTTTTTTT,-25.74
AAAAAAAAGGTATATGCAGTGCGAAAGCACTGCATATACCTTTTTTTT,-24.58
AAAAAAAAGGTTTGCACAGTGCGAAAGCACTGTGCAAACCTTTTTTTT,-26.55
AAAAAAAAGGTGATGTCAGTGCGAAAGCACTGACATCACCTTTTTTTT,-25.79
AAAAAAAAGGTATGATCAGTGCGAAAGCACTGATCATACCTTTTTTTT,-24.36
AAAAAAAAGGTCAATACAGTGCGAAAGCACTGTATTGACCTTTTTTTT,-24.62
AAAAAAAAGGTCAGTACAGTGCTTTCGCACTGTACTGACCTTTTTTTT,-23.96
AAAAAAAAGGTATCGACAGTGCGAAAGCACTGTCGATACCTTTTTTTT,-25.64
AAAAAAAAGGGATGTACAGTGCTTTCGCACTGTACATCCCTTTTTTTT,-23.96
AAAAAAAAGGTTGTAACAGTGCGAAAGCACTGTTACAACCTTTTTTTT,-24.88
AAAAAAAAGGTGTTGTCAGTGCGAAAGCACTGACAACACCTTTTTTTT,-26.05
AAAAAAAAGCTATATTCAGTGCTTTCGCACTGAATATAGCTTTTTTTT,-21.93
AAAAAAAAGGTATGTTCAGTGCGAAAGCACTGAACATACCTTTTTTTT,-24.62
AAAAAAAAGGAATTATCAGTGCGAAAGCACTGATAATTCCTTTTTTTT,-23.47
AAAAAAAAGGTAGTAGCAGTGCGAAAGCACTGCTACTACCTTTTTTTT,-25.37
AAAAAAAAGGTAACATCAGTGCTTTCGCACTGATGTTACCTTTTTTTT,-23.12
AAAAAAAAGGTAAATTCAGTGCGAAAGCACTGAATTTACCTTTTTTTT,-23.73
AAAAAAAAGCTATGTACAGTGCGAAAGCACTGTACATAGCTTTTTTTT,-24.58
AAAAAAAAGGTTAGAACAGTGCTTTCGCACTGTTCTAACCTTTTTTTT,-23.07
AAAAAAAAGGTTTGTACAGTGCGAAAGCACTGTACAAACCTTTTTTTT,-24.88
AAAAAAAAGGTTAATGCAGTGCTTTCGCACTGCATTAACCTTTTTTTT,-23.62
AAAAAAAAGGTCGATTCAGTGCGAAAGCACTGAATCGACCTTTTTTTT,-25.92
AAAAAAAAGGTGTATGCAGTGCTTTCGCACTGCATACACCTTTTTTTT,-24.51
AAAAAAAAGGAGTATTCAGTGCTTTCGCACTGAATACTCCTTTTTTTT,-22.81
AAAAAAAAGGATTTATCAGTGCTTTCGCACTGATAAATCCTTTTTTTT,-21.97
AAAAAAAAGGTCTGTACAGTGCTTTCGCACTGTACAGACCTTTTTTTT,-23.96
AAAAAAAACCTTATTGCAGTGCTTTCGCACTGCAATAAGGTTTTTTTT,-23.62
AAAAAAAAGGTTAGTACAGTGCGAAAGCACTGTACTAACCTTTTTTTT,-24.29
AAAAAAAAGGAGTGTGCAGTGCTTTCGCACTGCACACTCCTTTTTTTT,-25.63
AAAAAAAACCATTAGTCAGTGCTTTCGCACTGACTAATGGTTTTTTTT,-23.12
AAAAAAAAGGTATTGTCAGTGCGAAAGCACTGACAATACCTTTTTTTT,-24.62
AAAAAAAAGGTATCAACAGTGCGAAAGCACTGTTGATACCTTTTTTTT,-24.62
AAAAAAAAGGTTTTTACAGTGCTTTCGCACTGTAAAAACCTTTTTTTT,-22.49
AAAAAAAAGGAAGTTACAGTGCTTTCGCACTGTAACTTCCTTTTTTTT,-23.07
AAAAAAAAGGTTTGATCAGTGCGAAAGCACTGATCAAACCTTTTTTTT,-24.9
AAAAAAAAGGTATGTGCAGTGCTTTCGCACTGCACATACCTTTTTTTT,-24.51
AAAAAAAAGGTCAGTACAGTGCGAAAGCACTGTACTGACCTTTTTTTT,-25.46
AAAAAAAAGGTCTACACAGTGCGAAAGCACTGTGTAGACCTTTTTTTT,-25.46
AAAAAAAAGCAGTATACAGTGCTTTCGCACTGTATACTGCTTTTTTTT,-23.08
AAAAAAAAGGAATTTTCAGTGCGAAAGCACTGAAAATTCCTTTTTTTT,-24.01
AAAAAAAAGCTTTGAACAGTGCTTTCGCACTGTTCAAAGCTTTTTTTT,-23.9
AAAAAAAACCGTTACTCAGTGCTTTCGCACTGAGTAACGGTTTTTTTT,-24.4
AAAAAAAAGGTAGATTCAGTGCGAAAGCACTGAATCTACCTTTTTTTT,-24.31
AAAAAAAAGGTTAACACAGTGCTTTCGCACTGTGTTAACCTTTTTTTT,-23.38
AAAAAAAAGGTATGAACAGTGCTTTCGCACTGTTCATACCTTTTTTTT,-23.12
AAAAAAAAGGTAGATGCAGTGCGAAAGCACTGCATCTACCTTTTTTTT,-25.7
AAAAAAAAGGTATAGTCAGTGCTTTCGCACTGACTATACCTTTTTTTT,-22.53
AAAAAAAACCTTTACTCAGTGCTTTCGCACTGAGTAAAGGTTTTTTTT,-23.07
AAAAAAAAGGTGTATACAGTGCGAAAGCACTGTATACACCTTTTTTTT,-24.34
AAAAAAAAGGATAGTTCAGTGCGAAAGCACTGAACTATCCTTTTTTTT,-24.31
AAAAAAAAGGTTGTTTCAGTGCTTTCGCACTGAAACAACCTTTTTTTT,-23.66
AAAAAAAAGGTTTACACAGTGCTTTCGCACTGTGTAAACCTTTTTTTT,-23.38
AAAAAAAAGGTCGTAGCAGTGCTTTCGCACTGCTACGACCTTTTTTTT,-25.48
AAAAAAAACCAATTTGCAGTGCGAAAGCACTGCAAATTGGTTTTTTTT,-25.71
AAAAAAAAGGTTTCAACAGTGCTTTCGCACTGTTGAAACCTTTTTTTT,-23.66
AAAAAAAAGGTCTGTGCAGTGCTTTCGCACTGCACAGACCTTTTTTTT,-25.63
AAAAAAAAGGAATTAACAGTGCTTTCGCACTGTTAATTCCTTTTTTTT,-22.23
AAAAAAAAGGTTTCTTCAGTGCTTTCGCACTGAAGAAACCTTTTTTTT,-23.35
AAAAAAAAGGAATTTACAGTGCTTTCGCACTGTAAATTCCTTTTTTTT,-22.23
AAAAAAAAGGTGATGTCAGTGCTTTCGCACTGACATCACCTTTTTTTT,-24.29
AAAAAAAACCGTTATGCAGTGCGAAAGCACTGCATAACGGTTTTTTTT,-26.45
AAAAAAAACCATTTCACAGTGCTTTCGCACTGTGAAATGGTTTTTTTT,-23.71
AAAAAAAAGGTTTTGACAGTGCTTTCGCACTGTCAAAACCTTTTTTTT,-23.66
AAAAAAAAGGTTAGCTCAGTGCTTTCGCACTGAGCTAACCTTTTTTTT,-24.15
AAAAAAAACCGTTTGACAGTGCTTTCGCACTGTCAAACGGTTTTTTTT,-24.99
AAAAAAAAGGTAGTGACAGTGCTTTCGCACTGTCACTACCTTTTTTTT,-23.96
AAAAAAAAGCAGTGTACAGTGCTTTCGCACTGTACACTGCTTTTTTTT,-24.51
AAAAAAAAGGTTTTAGCAGTGCTTTCGCACTGCTAAAACCTTTTTTTT,-23.57
AAAAAAAAGGTTTAAACAGTGCGAAAGCACTGTTTAAACCTTTTTTTT,-23.99
AAAAAAAAGGATAGAACAGTGCTTTCGCACTGTTCTATCCTTTTTTTT,-22.81
AAAAAAAAGGTTAGATCAGTGCTTTCGCACTGATCTAACCTTTTTTTT,-22.81
AAAAAAAAGGTAGATACAGTGCGAAAGCACTGTATCTACCTTTTTTTT,-24.03
AAAAAAAACCGTTTCACAGTGCTTTCGCACTGTGAAACGGTTTTTTTT,-24.99
AAAAAAAAGGATTTAACAGTGCTTTCGCACTGTTAAATCCTTTTTTTT,-22.23
AAAAAAAAGGAATGTTCAGTGCTTTCGCACTGAACATTCCTTTTTTTT,-23.4
AAAAAAAAGGTATGATCAGTGCTTTCGCACTGATCATACCTTTTTTTT,-22.86
AAAAAAAAGGTCTATACAGTGCTTTCGCACTGTATAGACCTTTTTTTT,-22.53
AAAAAAAAGGTTTGAACAGTGCTTTCGCACTGTTCAAACCTTTTTTTT,-23.66
AAAAAAAAGGTCTATACAGTGCGAAAGCACTGTATAGACCTTTTTTTT,-24.03
AAAAAAAAGGTTGTGACAGTGCTTTCGCACTGTCACAACCTTTTTTTT,-24.55
AAAAAAAACGTTAACTCAGTGCTTTCGCACTGAGTTAACGTTTTTTTT,-23.56
AAAAAAAAGCATTGTACAGTGCTTTCGCACTGTACAATGCTTTTTTTT,-23.67
AAAAAAAAGCTTAGCTCAGTGCTTTCGCACTGAGCTAAGCTTTTTTTT,-24.39
AAAAAAAAGGACTGTACAGTGCTTTCGCACTGTACAGTCCTTTTTTTT,-23.96
AAAAAAAAGGTTTCATCAGTGCGAAAGCACTGATGAAACCTTTTTTTT,-24.9
AAAAAAAAGGATAGTACAGTGCTTTCGCACTGTACTATCCTTTTTTTT,-22.53
AAAAAAAAGGAATATACAGTGCTTTCGCACTGTATATTCCTTTTTTTT,-21.69
AAAAAAAAGGTAATATCAGTGCTTTCGCACTGATATTACCTTTTTTTT,-21.69
AAAAAAAAGGTTTGAACAGTGCGAAAGCACTGTTCAAACCTTTTTTTT,-25.16
AAAAAAAAGGTGAATACAGTGCGAAAGCACTGTATTCACCTTTTTTTT,-24.62
AAAAAAAAGGTGTGGTCAGTGCTTTCGCACTGACCACACCTTTTTTTT,-25.39
AAAAAAAAGCTTAACACAGTGCTTTCGCACTGTGTTAAGCTTTTTTTT,-23.62
AAAAAAAAGGTAGTATCAGTGCGAAAGCACTGATACTACCTTTTTTTT,-24.03
AAAAAAAAGCTTTATGCAGTGCTTTCGCACTGCATAAAGCTTTTTTTT,-23.86
AAAAAAAACCTTTATACAGTGCGAAAGCACTGTATAAAGGTTTTTTTT,-23.45
AAAAAAAAGGAAATTTCAGTGCGAAAGCACTGAAATTTCCTTTTTTTT,-24.01
AAAAAAAAGGTTTACTCAGTGCTTTCGCACTGAGTAAACCTTTTTTTT,-23.07
AAAAAAAACCTTCACTCAGTGCTTTCGCACTGAGTGAAGGTTTTTTTT,-24.24
AAAAAAAACGTTAGTTCAGTGCTTTCGCACTGAACTAACGTTTTTTTT,-23.56
AAAAAAAACCGTTACACAGTGCTTTCGCACTGTGTAACGGTTTTTTTT,-24.71
AAAAAAAAGGTGTAATCAGTGCTTTCGCACTGATTACACCTTTTTTTT,-23.12
AAAAAAAAGCTAGATGCAGTGCTTTCGCACTGCATCTAGCTTTTTTTT,-24.44
AAAAAAAAGCATTGATCAGTGCTTTCGCACTGATCAATGCTTTTTTTT,-23.69
AAAAAAAAGGTTAGCTCAGTGCGAAAGCACTGAGCTAACCTTTTTTTT,-25.65
AAAAAAAAGGTTGGTACAGTGCTTTCGCACTGTACCAACCTTTTTTTT,-24.22
AAAAAAAAGCTATTGACAGTGCTTTCGCACTGTCAATAGCTTTTTTTT,-23.36
AAAAAAAACCAATTTGCAGTGCTTTCGCACTGCAAATTGGTTTTTTTT,-24.21
AAAAAAAAGGTCTAGACAGTGCTTTCGCACTGTCTAGACCTTTTTTTT,-23.65
AAAAAAAAGCTATGTTCAGTGCGAAAGCACTGAACATAGCTTTTTTTT,-24.86
AAAAAAAAGGTAGATACAGTGCTTTCGCACTGTATCTACCTTTTTTTT,-22.53
AAAAAAAACCTTATACCAGTGCGAAAGCACTGGTATAAGGTTTTTTTT,-24.29
AAAAAAAAGGAGTGTACAGTGCTTTCGCACTGTACACTCCTTTTTTTT,-23.96
AAAAAAAAGGCCTCCGCAGTGCGAAAGCACTGGGGGGACGTTTTTTTT,-13.41
AAAAAAAACCACATAACAGTGCTTTCGCACTGTTATGTGGTTTTTTTT,-23.43
AAAAAAAAGGTGTGTGCAGTGCTTTCGCACTGCACACACCTTTTTTTT,-25.94
AAAAAAAACCGTTAATCAGTGCGAAAGCACTGATTAACGGTTTTTTTT,-25.06
AAAAAAAAGCATTCTCCAGTGCGAAAGCACTGGAGAATGGTTTTTTTT,-23.7
AAAAAAAAGGTTATTACAGTGCTTTCGCACTGTAATAACCTTTTTTTT,-21.95
AAAAAAAACCTTTCAACAGTGCGAAAGCACTGTTGAAAGGTTTTTTTT,-25.16
AAAAAAAAGCTATTAACAGTGCGAAAGCACTGTTAATAGCTTTTTTTT,-23.69
AAAAAAAACGATTACTCAGTGCTTTCGCACTGAGTAATCGTTTTTTTT,-23.3
AAAAAAAAGGTTTAATCAGTGCGAAAGCACTGATTAAACCTTTTTTTT,-23.73
AAAAAAAAGCTTAGTACAGTGCTTTCGCACTGTACTAAGCTTTTTTTT,-23.03
AAAAAAAAGGTGTAAACAGTGCTTTCGCACTGTTTACACCTTTTTTTT,-23.38
AAAAAAAAGGAATTTGCAGTGCTTTCGCACTGCAAATTCCTTTTTTTT,-23.9
AAAAAAAAGGTTAGTTCAGTGCTTTCGCACTGAACTAACCTTTTTTTT,-23.07
AAAAAAAAGGTTTAGTCAGTGCTTTCGCACTGACTAAACCTTTTTTTT,-23.07
AAAAAAAAGGTAGATGCAGTGCTTTCGCACTGCATCTACCTTTTTTTT,-24.2
AAAAAAAACCGTTACGCAGTGCTTTCGCACTGCGTAACGGTTTTTTTT,-26.23
AAAAAAAAGGTATTCTCAGTGCTTTCGCACTGAGAATACCTTTTTTTT,-22.81
AAAAAAAAGCTTTGTACAGTGCGAAAGCACTGTACAAAGCTTTTTTTT,-25.12
AAAAAAAAGGTTTAGACAGTGCGAAAGCACTGTCTAAACCTTTTTTTT,-24.57
AAAAAAAAGCTATATGCAGTGCGAAAGCACTGCATATAGCTTTTTTTT,-24.82
AAAAAAAAGCTTAATTCAGTGCGAAAGCACTGAATTAAGCTTTTTTTT,-23.97
AAAAAAAAGCTAGTTGCAGTGCTTTCGCACTGCAACTAGCTTTTTTTT,-24.7
AAAAAAAAGGAATGTACAGTGCTTTCGCACTGTACATTCCTTTTTTTT,-23.12
AAAAAAAAGCTTACTACAGTGCGAAAGCACTGTAGTAAGCTTTTTTTT,-24.53
AAAAAAAAGCGTTAAACAGTGCTTTCGCACTGTTTAACGCTTTTTTTT,-24.06
AAAAAAAACCTATGATCAGTGCTTTCGCACTGATCATAGGTTTTTTTT,-22.86
AAAAAAAAGGTTGTGACAGTGCGAAAGCACTGTCACAACCTTTTTTTT,-26.05
AAAAAAAACCGATATGCAGTGCTTTCGCACTGCATATCGGTTTTTTTT,-24.69
AAAAAAAACCTTTTGACAGTGCTTTCGCACTGTCAAAAGGTTTTTTTT,-23.66
AAAAAAAAGGGTTTAGCAGTGCTTTCGCACTGCTAAACGCTTTTTTTT,-21.95
AAAAAAAAGGTATGGTCAGTGCTTTCGCACTGACCATACCTTTTTTTT,-23.96
AAAAAAAACCTTGAAGCAGTGCTTTCGCACTGCTTCAAGGTTTTTTTT,-24.74
AAAAAAAAGCATTATACAGTGCGAAAGCACTGTATAATGCTTTTTTTT,-23.74
AAAAAAAACCTTTAAACAGTGCGAAAGCACTGTTTAAAGGTTTTTTTT,-23.99
AAAAAAAACCGTTATACAGTGCTTTCGCACTGTATAACGGTTTTTTTT,-23.28
AAAAAAAACCCAAATACAGTGCTTTCGCACTGTATTTGGGTTTTTTTT,-23.38
AAAAAAAAGGTGTTGACAGTGCTTTCGCACTGTCAACACCTTTTTTTT,-24.55
AAAAAAAAGGTTGATGCAGTGCGAAAGCACTGCATCAACCTTTTTTTT,-26.29
AAAAAAAAGGTATAATCAGTGCTTTCGCACTGATTATACCTTTTTTTT,-21.69
AAAAAAAAGGTTATTACAGTGCGAAAGCACTGTAATAACCTTTTTTTT,-23.45
AAAAAAAAGGTTGTATCAGTGCTTTCGCACTGATACAACCTTTTTTTT,-23.12
AAAAAAAACGTTTTTACAGTGCGAAAGCACTGTAAAAACGTTTTTTTT,-24.48
AAAAAAAAGGTGAATTCAGTGCGAAAGCACTGAATTCACCTTTTTTTT,-24.9
AAAAAAAAGGTTTGTTCAGTGCGAAAGCACTGAACAAACCTTTTTTTT,-25.16
AAAAAAAAGGTTATGACAGTGCGAAAGCACTGTCATAACCTTTTTTTT,-24.62
AAAAAAAAGGTTTCGACAGTGCTTTCGCACTGTCGAAACCTTTTTTTT,-24.68
AAAAAAAAGCTTTGTGCAGTGCTTTCGCACTGCACAAAGCTTTTTTTT,-25.29
AAAAAAAAGCTGTATACAGTGCGAAAGCACTGTATACAGCTTTTTTTT,-24.58
AAAAAAAACGTTTGATCAGTGCTTTCGCACTGATCAAACGTTTTTTTT,-23.89
AAAAAAAAGGTATGCTCAGTGCTTTCGCACTGAGCATACCTTTTTTTT,-24.2
AAAAAAAAGGTTGTATCAGTGCGAAAGCACTGATACAACCTTTTTTTT,-24.62
AAAAAAAAGCCATAAACAGTGCTTTCGCACTGTTTATGGCTTTTTTTT,-23.62
AAAAAAAAGGTGTGTTCAGTGCTTTCGCACTGAACACACCTTTTTTTT,-24.55
AAAAAAAAGGTACGAACAGTGCTTTCGCACTGTTCGTACCTTTTTTTT,-24.4
AAAAAAAAGGTATACTCAGTGCGAAAGCACTGAGTATACCTTTTTTTT,-24.03
AAAAAAAACGGTCAGTCAGTGCTTTCGCACTGACTGACCGTTTTTTTT,-25.57
AAAAAAAAGGTTATGTCAGTGCTTTCGCACTGACATAACCTTTTTTTT,-23.12
AAAAAAAAGCTTTTCACAGTGCGAAAGCACTGTGAAAAGCTTTTTTTT,-25.4
AAAAAAAACCTTATATCAGTGCGAAAGCACTGATATAAGGTTTTTTTT,-23.19
AAAAAAAAGCTTTGTTCAGTGCTTTCGCACTGAACAAAGCTTTTTTTT,-23.9
AAAAAAAAGGTTTGCTCAGTGCGAAAGCACTGAGCAAACCTTTTTTTT,-26.24
AAAAAAAAGCATGTAACAGTGCTTTCGCACTGTTACATGCTTTTTTTT,-23.67
AAAAAAAACCATTACACAGTGCGAAAGCACTGTGTAATGGTTTTTTTT,-24.93
AAAAAAAAGGTTTAGTCAGTGCGAAAGCACTGACTAAACCTTTTTTTT,-24.57
AAAAAAAAGGTAGAATCAGTGCTTTCGCACTGATTCTACCTTTTTTTT,-22.81
AAAAAAAACGTTGATGCAGTGCTTTCGCACTGCATCAACGTTTTTTTT,-25.28
AAAAAAAAGCTTAGAACAGTGCTTTCGCACTGTTCTAAGCTTTTTTTT,-23.31
AAAAAAAACCTTTACCCAGTGCTTTCGCACTGGGTAAAGGTTTTTTTT,-24.17
AAAAAAAAGGTTAGTACAGTGCTTTCGCACTGTACTAACCTTTTTTTT,-22.79
AAAAAAAACCATTTAACAGTGCTTTCGCACTGTTAAATGGTTTTTTTT,-22.54
AAAAAAAAGGTCAATTCAGTGCTTTCGCACTGAATTGACCTTTTTTTT,-23.4
AAAAAAAAGGTATCATCAGTGCTTTCGCACTGATGATACCTTTTTTTT,-22.86
AAAAAAAAGGTTTAGACAGTGCTTTCGCACTGTCTAAACCTTTTTTTT,-23.07
AAAAAAAACGTTATCACAGTGCGAAAGCACTGTGATAACGTTTTTTTT,-25.11
AAAAAAAAGGTTTATGCAGTGCTTTCGCACTGCATAAACCTTTTTTTT,-23.62
AAAAAAAACGTCGTTACAGTGCGAAAGCACTGTAACGACGTTTTTTTT,-26.39
AAAAAAAAGGTATTCACAGTGCTTTCGCACTGTGAATACCTTTTTTTT,-23.12
AAAAAAAAGGTAGTTACAGTGCGAAAGCACTGTAACTACCTTTTTTTT,-24.29
AAAAAAAACGTTTCAACAGTGCTTTCGCACTGTTGAAACGTTTTTTTT,-24.15
AAAAAAAAGCTATACTCAGTGCTTTCGCACTGAGTATAGCTTTTTTTT,-22.77
AAAAAAAACGTTTTCACAGTGCGAAAGCACTGTGAAAACGTTTTTTTT,-25.65
AAAAAAAAGGTCAGTGCAGTGCTTTCGCACTGCACTGACCTTTTTTTT,-25.63
AAAAAAAACCTTTACACAGTGCTTTCGCACTGTGTAAAGGTTTTTTTT,-23.38
AAAAAAAAGGTAGTTGCAGTGCTTTCGCACTGCAACTACCTTTTTTTT,-24.46
AAAAAAAAGCAAATTTCAGTGCGAAAGCACTGAAATTTGCTTTTTTTT,-24.56
AAAAAAAAGGTTTGTACAGTGCTTTCGCACTGTACAAACCTTTTTTTT,-23.38
AAAAAAAAGGTTTGTTCAGTGCTTTCGCACTGAACAAACCTTTTTTTT,-23.66
AAAAAAAAGCTTGTAACAGTGCGAAAGCACTGTTACAAGCTTTTTTTT,-25.12
AAAAAAAAGCTATATACAGTGCGAAAGCACTGTATATAGCTTTTTTTT,-23.15
AAAAAAAACCTGTGTACAGTGCTTTCGCACTGTACACAGGTTTTTTTT,-24.27
AAAAAAAACCATTACACAGTGCTTTCGCACTGTGTAATGGTTTTTTTT,-23.43
AAAAAAAAGCTGTAAACAGTGCTTTCGCACTGTTTACAGCTTTTTTTT,-23.62
AAAAAAAACCTTAGGTCAGTGCTTTCGCACTGACCTAAGGTTTTTTTT,-23.91
AAAAAAAACCATACAACAGTGCTTTCGCACTGTTGTATGGTTTTTTTT,-23.43
AAAAAAAACGTAGGTTCAGTGCTTTCGCACTGAACCTACGTTTTTTTT,-24.4
AAAAAAAACCTGTATACAGTGCGAAAGCACTGTATACAGGTTTTTTTT,-24.34
AAAAAAAAGCTTTATACAGTGCTTTCGCACTGTATAAAGCTTTTTTTT,-22.19
AAAAAAAAGCTTTGAACAGTGCGAAAGCACTGTTCAAAGCTTTTTTTT,-25.4
AAAAAAAACCGTTAGACAGTGCGAAAGCACTGTCTAACGGTTTTTTTT,-25.9
AAAAAAAAGGTTGATTCAGTGCGAAAGCACTGAATCAACCTTTTTTTT,-24.9
AAAAAAAAGGTTTCTACAGTGCGAAAGCACTGTAGAAACCTTTTTTTT,-24.57
AAAAAAAACGTTACTTCAGTGCTTTCGCACTGAAGTAACGTTTTTTTT,-23.56
AAAAAAAACCATTGTACAGTGCTTTCGCACTGTACAATGGTTTTTTTT,-23.43
AAAAAAAACCATTCATCAGTGCTTTCGCACTGATGAATGGTTTTTTTT,-23.45
AAAAAAAAGCTTTAGTCAGTGCTTTCGCACTGACTAAAGCTTTTTTTT,-23.31
AAAAAAAAGCTATATTCAGTGCGAAAGCACTGAATATAGCTTTTTTTT,-23.43
AAAAAAAAGGTCTGTTCAGTGCGAAAGCACTGAACAGACCTTTTTTTT,-25.74
AAAAAAAACCATTTGACAGTGCGAAAGCACTGTCAAATGGTTTTTTTT,-25.21
AAAAAAAAGCTAAGTTCAGTGCTTTCGCACTGAACTTAGCTTTTTTTT,-23.31
AAAAAAAACCTTAATTCAGTGCTTTCGCACTGAATTAAGGTTTTTTTT,-22.23
AAAAAAAAGGTGTGTACAGTGCGAAAGCACTGTACACACCTTTTTTTT,-25.77
AAAAAAAAGGTCTAAACAGTGCGAAAGCACTGTTTAGACCTTTTTTTT,-24.57
AAAAAAAAGGTAGTAACAGTGCTTTCGCACTGTTACTACCTTTTTTTT,-22.79
AAAAAAAAGGTGTGTACAGTGCTTTCGCACTGTACACACCTTTTTTTT,-24.27
AAAAAAAAGGTAAGCACAGTGCTTTCGCACTGTGCTTACCTTTTTTTT,-24.46
AAAAAAAAGGTATGTTCAGTGCTTTCGCACTGAACATACCTTTTTTTT,-23.12
AAAAAAAAGGTTGTTTCAGTGCGAAAGCACTGAAACAACCTTTTTTTT,-25.16
AAAAAAAACCGTAATGCAGTGCTTTCGCACTGCATTACGGTTTTTTTT,-24.95
AAAAAAAAGGTATCATCAGTGCGAAAGCACTGATGATACCTTTTTTTT,-24.36
AAAAAAAACGAAAGTTCAGTGCTTTCGCACTGAACTTTCGTTTTTTTT,-23.84
AAAAAAAAGGTTTGTCCAGTGCTTTCGCACTGGACAAACCTTTTTTTT,-24.5
AAAAAAAACCGTATCACAGTGCTTTCGCACTGTGATACGGTTTTTTTT,-24.45
AAAAAAAAGGTCGATACAGTGCTTTCGCACTGTATCGACCTTTTTTTT,-24.14
AAAAAAAACCTTTATACAGTGCGAAAGCACTGAATACGGGTTTTTTTT,-15.57
AAAAAAAAGGTTTATTCAGTGCGAAAGCACTGAATAAACCTTTTTTTT,-23.73
AAAAAAAAGCTTTTCCCAGTGCGAAAGCACTGGGAAAAGGTTTTTTTT,-23.91
AAAAAAAACCTTATGACAGTGCTTTCGCACTGTCATAAGGTTTTTTTT,-23.12
AAAAAAAACGTCTATACAGTGCTTTCGCACTGTATAGACGTTTTTTTT,-23.02
AAAAAAAACCTGTGTGCAGTGCTTTCGCACTGCACACAGGTTTTTTTT,-25.94
AAAAAAAAGCACAGTACAGTGCTTTCGCACTGTACTGTGCTTTTTTTT,-24.51
AAAAAAAACGTTGTAACAGTGCGAAAGCACTGTTACAACGTTTTTTTT,-25.37
AAAAAAAACCTTACATCAGTGCGAAAGCACTGATGTAAGGTTTTTTTT,-24.62
AAAAAAAAGCTTGTGTCAGTGCTTTCGCACTGACACAAGCTTTTTTTT,-24.79
AAAAAAAACCTTGATACAGTGCGAAAGCACTGTATCAAGGTTTTTTTT,-24.62
AAAAAAAAGGTTTACTCAGTGCGAAAGCACTGAGTAAACCTTTTTTTT,-24.57
AAAAAAAAGCTTATGTCAGTGCGAAAGCACTGACATAAGCTTTTTTTT,-24.86
AAAAAAAAGGTAGTTTCAGTGCTTTCGCACTGAAACTACCTTTTTTTT,-23.07
AAAAAAAACCGTTAGACAGTGCTTTCGCACTGTCTAACGGTTTTTTTT,-24.4
AAAAAAAAGCTATGTTCAGTGCTTTCGCACTGAACATAGCTTTTTTTT,-23.36
AAAAAAAAGCTTAGTACAGTGCGAAAGCACTGTACTAAGCTTTTTTTT,-24.53
AAAAAAAACCCTTGTGCAGTGCTTTCGCACTGCACAAGGGTTTTTTTT,-25.89
AAAAAAAAGGTCTGTGCAGTGCGAAAGCACTGCACAGACCTTTTTTTT,-27.13
AAAAAAAACCATTTTGCAGTGCGAAAGCACTGCAAAATGGTTTTTTTT,-25.71
AAAAAAAACCTAATTGCAGTGCGAAAGCACTGCAATTAGGTTTTTTTT,-25.12
AAAAAAAACCTTTCAGCAGTGCTTTCGCACTGCTGAAAGGTTTTTTTT,-24.74
AAAAAAAACCGTTATGCAGTGCTTTCGCACTGCATAACGGTTTTTTTT,-24.95
AAAAAAAACCTATGAGCAGTGCTTTCGCACTGCTCATAGGTTTTTTTT,-24.2
AAAAAAAACCTTTTAGCAGTGCGAAAGCACTGCTAAAAGGTTTTTTTT,-25.07
AAAAAAAACGTATTTGCAGTGCTTTCGCACTGCAAATACGTTTTTTTT,-24.11
AAAAAAAAGCTGTAATCAGTGCGAAAGCACTGATTACAGCTTTTTTTT,-24.86
AAAAAAAAGCAGTATTCAGTGCTTTCGCACTGAATACTGCTTTTTTTT,-23.36
AAAAAAAACGTGTATCCAGTGCTTTCGCACTGGATACACGTTTTTTTT,-24.45
AAAAAAAACCTCATGTCAGTGCTTTCGCACTGACATGAGGTTTTTTTT,-24.29
AAAAAAAACCTTTTGTCAGTGCGAAAGCACTGACAAAAGGTTTTTTTT,-25.16
AAAAAAAAGGTAATTACAGTGCTTTCGCACTGTAATTACCTTTTTTTT,-21.95
AAAAAAAACCTTTAGTCAGTGCGAAAGCACTGACTAAAGGTTTTTTTT,-24.57
AAAAAAAAGGTTATCTCAGTGCTTTCGCACTGAGATAACCTTTTTTTT,-22.81
AAAAAAAACGTGAGTACAGTGCTTTCGCACTGTACTCACGTTTTTTTT,-24.45
AAAAAAAACCGTTGAACAGTGCTTTCGCACTGTTCAACGGTTTTTTTT,-24.99
AAAAAAAAGCAATATTCAGTGCTTTCGCACTGAATATTGCTTTTTTTT,-22.52
AAAAAAAAGGTAAATTCAGTGCTTTCGCACTGAATTTACCTTTTTTTT,-22.23
AAAAAAAAGGTTAGTGCAGTGCTTTCGCACTGCACTAACCTTTTTTTT,-24.46
AAAAAAAAGCGTGGGGCAGTGCGAAAGCACTGACATCACGTTTTTTTT,-14.78
AAAAAAAAGGAATATTCAGTGCGAAAGCACTGAATATTCCTTTTTTTT,-23.47
AAAAAAAACCATTGTCCAGTGCTTTCGCACTGGACAATGGTTTTTTTT,-24.55
AAAAAAAAGCTTTAATCAGTGCGAAAGCACTGATTAAAGCTTTTTTTT,-23.97
AAAAAAAACGTGTGAACAGTGCTTTCGCACTGTTCACACGTTTTTTTT,-25.04
AAAAAAAAGCTGTGTGCAGTGCTTTCGCACTGCACACAGCTTTTTTTT,-26.18
AAAAAAAACCATTGTTCAGTGCTTTCGCACTGAACAATGGTTTTTTTT,-23.71
AAAAAAAACGTTTATTCAGTGCTTTCGCACTGAATAAACGTTTTTTTT,-22.72
AAAAAAAACGAATGTTCAGTGCTTTCGCACTGAACATTCGTTTTTTTT,-23.89
AAAAAAAAGGAATTGTCAGTGCTTTCGCACTGACAATTCCTTTTTTTT,-23.4
AAAAAAAAGGTATTGACAGTGCGAAAGCACTGTCAATACCTTTTTTTT,-24.62
AAAAAAAACCTTTCAGCAGTGCGAAAGCACTGCTGAAAGGTTTTTTTT,-26.24
AAAAAAAAGGTGTATTCAGTGCTTTCGCACTGAATACACCTTTTTTTT,-23.12
AAAAAAAACGTTCTGACAGTGCTTTCGCACTGTCAGAACGTTTTTTTT,-24.73
AAAAAAAACGTTACCACAGTGCTTTCGCACTGTGGTAACGTTTTTTTT,-24.71
AAAAAAAACGTTTAATCAGTGCTTTCGCACTGATTAAACGTTTTTTTT,-22.72
AAAAAAAACGTTACTACAGTGCGAAAGCACTGTAGTAACGTTTTTTTT,-24.78
AAAAAAAACGTCGATGCAGTGCTTTCGCACTGCATCGACGTTTTTTTT,-26.3
AAAAAAAACGTTTAGTCAGTGCTTTCGCACTGACTAAACGTTTTTTTT,-23.56
AAAAAAAACGTCTATACAGTGCGAAAGCACTGTATAGACGTTTTTTTT,-24.52
AAAAAAAACGTTTACGCAGTGCTTTCGCACTGCGTAAACGTTTTTTTT,-25.39
AAAAAAAACCTTAACACAGTGCTTTCGCACTGTGTTAAGGTTTTTTTT,-23.38
AAAAAAAAGGATTGTTCAGTGCTTTCGCACTGAACAATCCTTTTTTTT,-23.4
AAAAAAAACCTTAAGTCAGTGCTTTCGCACTGACTTAAGGTTTTTTTT,-23.07
AAAAAAAACGTTATTACAGTGCTTTCGCACTGTAATAACGTTTTTTTT,-22.44
AAAAAAAACGGGAGTGCAGTGCTTTCGCACTGCACTCCCGTTTTTTTT,-26.91
AAAAAAAACGTTAATTCAGTGCGAAAGCACTGAATTAACGTTTTTTTT,-24.22
AAAAAAAAGGAATTTTCAGTGCTTTCGCACTGAAAATTCCTTTTTTTT,-22.51
AAAAAAAAGCTTTATTCAGTGCTTTCGCACTGAATAAAGCTTTTTTTT,-22.47
AAAAAAAACGTACATCCAGTGCGAAAGCACTGGATGTACGTTTTTTTT,-25.95
AAAAAAAACCTTAATCCAGTGCGAAAGCACTGGATTAAGGTTTTTTTT,-24.57
AAAAAAAACGTCAATTCAGTGCTTTCGCACTGAATTGACGTTTTTTTT,-23.89
AAAAAAAACGTTACTTCAGTGCGAAAGCACTGAAGTAACGTTTTTTTT,-25.06
AAAAAAAAGCTTTGCTCAGTGCTTTCGCACTGAGCAAAGCTTTTTTTT,-24.98
AAAAAAAACCATTATTCAGTGCTTTCGCACTGAATAATGGTTTTTTTT,-22.28
AAAAAAAACGTTAACACAGTGCTTTCGCACTGTGTTAACGTTTTTTTT,-23.87
AAAAAAAACGTTACATCAGTGCTTTCGCACTGATGTAACGTTTTTTTT,-23.61
AAAAAAAACCAATTGTCAGTGCGAAAGCACTGACAATTGGTTTTTTTT,-25.21
AAAAAAAAGCTAAGTTCAGTGCGAAAGCACTGAACTTAGCTTTTTTTT,-24.81
AAAAAAAACCGTTATTCAGTGCTTTCGCACTGAATAACGGTTTTTTTT,-23.56
AAAAAAAACCTTTATACAGTGCTTTCGCACTGTATAAAGGTTTTTTTT,-21.95
AAAAAAAACGTCTATTCAGTGCGAAAGCACTGAATAGACGTTTTTTTT,-24.8
AAAAAAAACGTTATTGCAGTGCGAAAGCACTGCAATAACGTTTTTTTT,-25.61
AAAAAAAACGTTTATGCAGTGCGAAAGCACTGCATAAACGTTTTTTTT,-25.61
AAAAAAAACGTTTGAACAGTGCTTTCGCACTGTTCAAACGTTTTTTTT,-24.15
AAAAAAAACGTTAGTACAGTGCTTTCGCACTGTACTAACGTTTTTTTT,-23.28
AAAAAAAAGCTTTACTCAGTGCTTTCGCACTGAGTAAAGCTTTTTTTT,-23.31
AAAAAAAACCTTTATTCAGTGCTTTCGCACTGAATAAAGGTTTTTTTT,-22.23
AAAAAAAACGCTTAAACAGTGCTTTCGCACTGTTTAAGCGTTTTTTTT,-24.06
AAAAAAAACCTAACTGCAGTGCTTTCGCACTGCAGTTAGGTTTTTTTT,-24.46
AAAAAAAACGTTTTTGCAGTGCGAAAGCACTGCAAAAACGTTTTTTTT,-26.15
AAAAAAAACGTTGTAACAGTGCTTTCGCACTGTTACAACGTTTTTTTT,-23.87
AAAAAAAACGTTTGTTCAGTGCTTTCGCACTGAACAAACGTTTTTTTT,-24.15
AAAAAAAACCGATGTACAGTGCTTTCGCACTGTACATCGGTTTTTTTT,-24.45
AAAAAAAACGAGTATACAGTGCTTTCGCACTGTATACTCGTTTTTTTT,-23.02
AAAAAAAACCTTTGTTCAGTGCTTTCGCACTGAACAAAGGTTTTTTTT,-23.66
AAAAAAAACCTATTGTCAGTGCGAAAGCACTGACAATAGGTTTTTTTT,-24.62
AAAAAAAACCTTTGGTCAGTGCTTTCGCACTGACCAAAGGTTTTTTTT,-24.5
AAAAAAAAGCGTTATACAGTGCTTTCGCACTGTATAACGCTTTTTTTT,-23.52
AAAAAAAAGGTTTACTCAGTGCGAAAGCACTGTGCGGCCCTTTTTTTT,-13.03
AAAAAAAAGGTTTATTCAGTGCTTTCGCACTGAATAAACCTTTTTTTT,-22.23
AAAAAAAAGCCTATTACAGTGCGAAAGCACTGTAATAGGGTTTTTTTT,-22.25
AAAAAAAACGTTAAAACAGTGCTTTCGCACTGTTTTAACGTTTTTTTT,-22.98
AAAAAAAACCTACATGCAGTGCTTTCGCACTGCATGTAGGTTTTTTTT,-24.51
AAAAAAAACGTATGAACAGTGCGAAAGCACTGTTCATACGTTTTTTTT,-25.11
AAAAAAAACCACTGTACAGTGCGAAAGCACTGTACAGTGGTTTTTTTT,-25.77
AAAAAAAACCGGTGTGCAGTGCGAAAGCACTGGGACGTCGTTTTTTTT,-12.65
AAAAAAAACGTAATTTCAGTGCGAAAGCACTGAAATTACGTTTTTTTT,-24.22
AAAAAAAACGTTTTCTCAGTGCTTTCGCACTGAGAAAACGTTTTTTTT,-23.84
AAAAAAAAGCTGTATTCAGTGCGAAAGCACTGAATACAGCTTTTTTTT,-24.86
AAAAAAAAGCAGTATACAGTGCGAAAGCACTGTATACTGCTTTTTTTT,-24.58
AAAAAAAACCTTAGATCAGTGCGAAAGCACTGATCTAAGGTTTTTTTT,-24.31
AAAAAAAACGTTTTGTCAGTGCGAAAGCACTGACAAAACGTTTTTTTT,-25.65
AAAAAAAACCATAACACAGTGCTTTCGCACTGTGTTATGGTTTTTTTT,-23.43
AAAAAAAACGTGTGTACAGTGCTTTCGCACTGTACACACGTTTTTTTT,-24.76
AAAAAAAACGTTGTTTCAGTGCTTTCGCACTGAAACAACGTTTTTTTT,-24.15
AAAAAAAACGTTTGTTCAGTGCGAAAGCACTGAACAAACGTTTTTTTT,-25.65
AAAAAAAACGTATACTCAGTGCTTTCGCACTGAGTATACGTTTTTTTT,-23.02
AAAAAAAAGCTACTTTCAGTGCGAAAGCACTGGGATAAGGTTTTTTTT,-12.67
AAAAAAAACGTGTGTACAGTGCGAAAGCACTGTACACACGTTTTTTTT,-26.26
AAAAAAAACCATAATTCAGTGCGAAAGCACTGAATTATGGTTTTTTTT,-23.78
AAAAAAAAGCAATATTCAGTGCGAAAGCACTGAATATTGCTTTTTTTT,-24.02
AAAAAAAACCGAATTGCAGTGCTTTCGCACTGCAATTCGGTTTTTTTT,-25.23
AAAAAAAACGTGTTGACAGTGCGAAAGCACTGTTCGAGCCTTTTTTTT,-10.45
AAAAAAAAGCGTCCGGCAGTGCGAAAGCACTGACCACACGTTTTTTTT,-14.39
AAAAAAAACCAATTATCAGTGCTTTCGCACTGATAATTGGTTTTTTTT,-22.28
AAAAAAAACCAAAATTCAGTGCTTTCGCACTGAATTTTGGTTTTTTTT,-22.82
AAAAAAAACGATTTATCAGTGCGAAAGCACTGATAAATCGTTTTTTTT,-23.96
AAAAAAAACGTGTGTTCAGTGCTTTCGCACTGAACACACGTTTTTTTT,-25.04
AAAAAAAACGTCAATTCAGTGCGAAAGCACTGAATTGACGTTTTTTTT,-25.39
AAAAAAAACGTTTACTCAGTGCTTTCGCACTGAGTAAACGTTTTTTTT,-23.56
AAAAAAAACCTTAAAACAGTGCGAAAGCACTGTTTTAAGGTTTTTTTT,-23.99
AAAAAAAAGGTTGTAACAGTGCTTTCGCACTGTTACAACCTTTTTTTT,-23.38
AAAAAAAACGTCTGTGCAGTGCGAAAGCACTGCACAGACGTTTTTTTT,-27.62
AAAAAAAACGTTAGATCAGTGCGAAAGCACTGATCTAACGTTTTTTTT,-24.8
AAAAAAAACGTTTTATCAGTGCGAAAGCACTGATAAAACGTTTTTTTT,-24.22
AAAAAAAACCAATGTTCAGTGCGAAAGCACTGAACATTGGTTTTTTTT,-25.21
AAAAAAAACGTTGTATCAGTGCTTTCGCACTGATACAACGTTTTTTTT,-23.61
AAAAAAAACGACAGACCAGTGCTTTCGCACTGAGCACTGGTTTTTTTT,-11.58
AAAAAAAAGCTAAGTACAGTGCTTTCGCACTGTACTTAGCTTTTTTTT,-23.03
AAAAAAAACGTTACGTCAGTGCTTTCGCACTGACGTAACGTTTTTTTT,-24.89
AAAAAAAACCTTTAGTCAGTGCTTTCGCACTGACTAAAGGTTTTTTTT,-23.07
AAAAAAAACGATTGTTCAGTGCTTTCGCACTGAACAATCGTTTTTTTT,-23.89
AAAAAAAAGGGGAGGCCAGTGCGAAAGCACTGACCCCGCGTTTTTTTT,-12.28
AAAAAAAACCTTGTAGCAGTGCTTTCGCACTGCTACAAGGTTTTTTTT,-24.46
AAAAAAAACGAGTGTACAGTGCGAAAGCACTGTACACTCGTTTTTTTT,-25.95
AAAAAAAACGATTGTACAGTGCGAAAGCACTGTACAATCGTTTTTTTT,-25.11
AAAAAAAACGTATGAACAGTGCTTTCGCACTGTTCATACGTTTTTTTT,-23.61
AAAAAAAACCGTTGTACAGTGCTTTCGCACTGTACAACGGTTTTTTTT,-24.71
AAAAAAAACGTTACAACAGTGCTTTCGCACTGTTGTAACGTTTTTTTT,-23.87
AAAAAAAAGGTTTTTACAGTGCGAAAGCACTGTAAAAACCTTTTTTTT,-23.99
AAAAAAAACCTATGGACAGTGCTTTCGCACTGTCCATAGGTTTTTTTT,-23.96
AAAAAAAACGATTTGTCAGTGCTTTCGCACTGACAAATCGTTTTTTTT,-23.89
AAAAAAAAGCATATTGCAGTGCGAAAGCACTGCAATATGGTTTTTTTT,-23.13
AAAAAAAACCCTATGGCAGTGCTTTCGCACTGATCGCTGGTTTTTTTT,-11.69
AAAAAAAACGTTCATGCAGTGCGAAAGCACTGTATGTCCCTTTTTTTT,-12.2
AAAAAAAAGCGGGATTCAGTGCGAAAGCACTGTTAACACGTTTTTTTT,-11.87
AAAAAAAACGTATATACAGTGCGAAAGCACTGTATATACGTTTTTTTT,-23.4
AAAAAAAACGGATTGACAGTGCTTTCGCACTGTCAATCCGTTTTTTTT,-24.73
AAAAAAAACGTATGCACAGTGCTTTCGCACTGTGCATACGTTTTTTTT,-25.0
AAAAAAAACCGCGGAGCAGTGCGAAAGCACTGTGATGTGCTTTTTTTT,-11.31
AAAAAAAACCACTATACAGTGCTTTCGCACTGTATAGTGGTTTTTTTT,-22.84
AAAAAAAAGGTTTTGTCAGTGCGAAAGCACTGACAAAACCTTTTTTTT,-25.16
AAAAAAAAGGTAATTTCAGTGCTTTCGCACTGAAATTACCTTTTTTTT,-22.23
AAAAAAAAGCCAGCTACAGTGCGAAAGCACTGGAACCACGTTTTTTTT,-9.51
AAAAAAAAGGATTATTCAGTGCTTTCGCACTGAATAATCCTTTTTTTT,-21.97
AAAAAAAACCATAACACAGTGCGAAAGCACTGTGTTATGGTTTTTTTT,-24.93
AAAAAAAACGTCGGCTCAGTGCGAAAGCACTGTGCGGACCTTTTTTTT,-16.25
AAAAAAAAGGGTTGAGCAGTGCTTTCGCACTGGGGCCCCGTTTTTTTT,-11.23
AAAAAAAAGGTGTGGTCAGTGCGAAAGCACTGCTCCCCGCTTTTTTTT,-12.33
AAAAAAAACCTATATACAGTGCTTTCGCACTGTATATAGGTTTTTTTT,-21.41
AAAAAAAAGGGCGTCCCAGTGCGAAAGCACTGATGCGTGGTTTTTTTT,-12.66
AAAAAAAAGGCACATTCAGTGCTTTCGCACTGCGTGCTGCTTTTTTTT,-12.52
AAAAAAAAGCCCTGTCCAGTGCGAAAGCACTGTGTCGGCGTTTTTTTT,-12.63
AAAAAAAAGGATTACTCAGTGCTTTCGCACTGAGTAATCCTTTTTTTT,-22.81
AAAAAAAACCGTTTCGCAGTGCGAAAGCACTGGAAAGGCGTTTTTTTT,-12.59
AAAAAAAACCTTAGTGCAGTGCGAAAGCACTGCACTAAGGTTTTTTTT,-25.96
AAAAAAAAGGAAGGGACAGTGCGAAAGCACTGACCCCAGGTTTTTTTT,-13.15
AAAAAAAACGTTCAATCAGTGCTTTCGCACTGATTGAACGTTTTTTTT,-23.89
AAAAAAAACGTGATGGCAGTGCGAAAGCACTGGACCATCCTTTTTTTT,-12.48
AAAAAAAACCATTGCTCAGTGCTTTCGCACTGAGCAATGGTTTTTTTT,-24.79
AAAAAAAACGTTGTAGCAGTGCTTTCGCACTGCTACAACGTTTTTTTT,-24.95
AAAAAAAAGCTATTGTCAGTGCTTTCGCACTGACAATAGCTTTTTTTT,-23.36
AAAAAAAACGTGATTGCAGTGCTTTCGCACTGCAATCACGTTTTTTTT,-25.28
AAAAAAAACGATTGTACAGTGCTTTCGCACTGTACAATCGTTTTTTTT,-23.61
AAAAAAAAGGCAGGGGCAGTGCGAAAGCACTGTTTGCGCGTTTTTTTT,-13.1
AAAAAAAAGCGCTTCTCAGTGCGAAAGCACTGTGATTCCGTTTTTTTT,-12.64
AAAAAAAACCTTCTCGCAGTGCGAAAGCACTGGCCCAGGCTTTTTTTT,-10.77
AAAAAAAACGTAGACACAGTGCGAAAGCACTGACGACTCCTTTTTTTT,-10.32
AAAAAAAACCGATACACAGTGCTTTCGCACTGTGTATCGGTTTTTTTT,-24.45
AAAAAAAAGGTGCAATCAGTGCGAAAGCACTGGCCGGCGGTTTTTTTT,-11.02
AAAAAAAAGCTAGTGTCAGTGCGAAAGCACTGACACTAGGTTTTTTTT,-23.42
AAAAAAAAGGTTAGCACAGTGCTTTCGCACTGTGCTAACCTTTTTTTT,-24.46
AAAAAAAACGTTCTTACAGTGCGAAAGCACTGTAAGAACGTTTTTTTT,-25.06
AAAAAAAACCTGTCTCCAGTGCGAAAGCACTGTGCACTCGTTTTTTTT,-10.99
AAAAAAAAGGGTGTGTCAGTGCTTTCGCACTGCATACCGGTTTTTTTT,-12.78
AAAAAAAACGGCGCGGCAGTGCGAAAGCACTGACGAGCCCTTTTTTTT,-18.55
AAAAAAAACGTGCAGCCAGTGCGAAAGCACTGTGGGGTGCTTTTTTTT,-12.43
AAAAAAAAGGGTATCCCAGTGCGAAAGCACTGGACCGTCCTTTTTTTT,-14.97
AAAAAAAAGGGCTTGCCAGTGCGAAAGCACTGCCTGGACGTTTTTTTT,-9.61
AAAAAAAAGCCCTGTACAGTGCGAAAGCACTGCAGCTACGTTTTTTTT,-9.51
AAAAAAAAGCTCTATACAGTGCGAAAGCACTGGAAGGGCCTTTTTTTT,-12.09
AAAAAAAAGGCAGGACCAGTGCGAAAGCACTGCCGCCTCGTTTTTTTT,-12.17
AAAAAAAAGCTGTGTCCAGTGCGAAAGCACTGCCAGACGGTTTTTTTT,-11.23
AAAAAAAAGCTAGGAGCAGTGCGAAAGCACTGCATTTCCCTTTTTTTT,-13.82
AAAAAAAAGCTTAAGACAGTGCGAAAGCACTGATCACAGGTTTTTTTT,-12.33
AAAAAAAACGTTTCAGCAGTGCGAAAGCACTGGGCACTGGTTTTTTTT,-11.55
AAAAAAAAGGGTATGGCAGTGCGAAAGCACTGATACTCCGTTTTTTTT,-13.14
AAAAAAAAGGTCGAGCCAGTGCGAAAGCACTGAACCCCGGTTTTTTTT,-9.21
AAAAAAAAGCTGGGCGCAGTGCGAAAGCACTGTTCAGACGTTTTTTTT,-10.45
AAAAAAAAGGTCTATTCAGTGCGAAAGCACTGAGGCTGCGTTTTTTTT,-11.45
AAAAAAAACGAGTTGACAGTGCGAAAGCACTGACCACACCTTTTTTTT,-9.31
AAAAAAAACCGGGTAGCAGTGCGAAAGCACTGATAGTGCGTTTTTTTT,-11.98
AAAAAAAACGGACGAACAGTGCTTTCGCACTGCGTCGTCGTTTTTTTT,-16.03
AAAAAAAACGGAGGCTCAGTGCGAAAGCACTGTTAAAGCGTTTTTTTT,-13.92
AAAAAAAACGTGCAGGCAGTGCGAAAGCACTGCGGACGGGTTTTTTTT,-15.28
AAAAAAAAGGTGCAGGCAGTGCTTTCGCACTGTGAAGCCGTTTTTTTT,-10.28
AAAAAAAAGGATCGTGCAGTGCGAAAGCACTGACTTTTGCTTTTTTTT,-11.29
AAAAAAAAGGCTGGTTCAGTGCTTTCGCACTGACTAGTCGTTTTTTTT,-11.37
AAAAAAAAGGGCTGAGCAGTGCGAAAGCACTGAACATGCGTTTTTTTT,-12.4
AAAAAAAAGGTGTCATCAGTGCTTTCGCACTGGCTGCGGGTTTTTTTT,-8.19
AAAAAAAAGCCTGTGCCAGTGCGAAAGCACTGCGGGGCGGTTTTTTTT,-11.69
AAAAAAAAGCACGACTCAGTGCGAAAGCACTGCCAGCTCGTTTTTTTT,-10.6
AAAAAAAAGCACTAATCAGTGCGAAAGCACTGATTAGTGGTTTTTTTT,-22.58
AAAAAAAAGCATCGCGCAGTGCGAAAGCACTGTTCCTGGGTTTTTTTT,-9.65
AAAAAAAACGCATGGTCAGTGCGAAAGCACTGTCTCGCCGTTTTTTTT,-13.52
AAAAAAAAGGTTGGCGCAGTGCGAAAGCACTGTAGTATCCTTTTTTTT,-13.33
AAAAAAAACGAGTACACAGTGCGAAAGCACTGATAGGTCCTTTTTTTT,-9.86
AAAAAAAACCGAGCGTCAGTGCGAAAGCACTGATGACGGCTTTTTTTT,-16.06
AAAAAAAAGCGTTTGTCAGTGCTTTCGCACTGACAAACCCTTTTTTTT,-19.33
AAAAAAAAGCAGTTTACAGTGCGAAAGCACTGATGGCCCGTTTTTTTT,-9.51
AAAAAAAACGACGGTACAGTGCGAAAGCACTGACCAGTGGTTTTTTTT,-14.71
AAAAAAAACGAGCGCGCAGTGCGAAAGCACTGAGTAGTCCTTTTTTTT,-11.11
AAAAAAAAGCCAGCGGCAGTGCTTTCGCACTGGGGGAAGGTTTTTTTT,-10.14
AAAAAAAACGATTTAACAGTGCGAAAGCACTGTTAAATCGTTTTTTTT,-24.22
AAAAAAAACGAGCCTTCAGTGCGAAAGCACTGTGCGTCCCTTTTTTTT,-9.21
AAAAAAAAGGCTGCTTCAGTGCTTTCGCACTGGGCCGTGGTTTTTTTT,-9.81
AAAAAAAAGGGGGGTCCAGTGCGAAAGCACTGCATGGGGGTTTTTTTT,-9.11
AAAAAAAACGTGCATGCAGTGCGAAAGCACTGTACCCCGGTTTTTTTT,-11.94
AAAAAAAAGGACGGTACAGTGCTTTCGCACTGCTCAGAGGTTTTTTTT,-8.01
AAAAAAAACGATGTGACAGTGCGAAAGCACTGGTTACCGCTTTTTTTT,-10.22
AAAAAAAAGCGGGATACAGTGCGAAAGCACTGCTAACCCGTTTTTTTT,-15.89
AAAAAAAAGGTTTTCGCAGTGCGAAAGCACTGGCAAATGGTTTTTTTT,-10.34
AAAAAAAACGGGTTTACAGTGCGAAAGCACTGCGTGCCCCTTTTTTTT,-12.45
AAAAAAAACGGGCAGTCAGTGCGAAAGCACTGCACCACCCTTTTTTTT,-12.7
AAAAAAAAGGTGGGAACAGTGCGAAAGCACTGTGTGGTGGTTTTTTTT,-10.65
AAAAAAAAGGTGAAGTCAGTGCGAAAGCACTGTCCCCGCCTTTTTTTT,-14.39
AAAAAAAAGGTCGATTCAGTGCGAAAGCACTGAGCGAACCTTTTTTTT,-16.64
AAAAAAAACGTGTTCCCAGTGCGAAAGCACTGCGCATCCCTTTTTTTT,-8.91
AAAAAAAAGGAAGATGCAGTGCGAAAGCACTGTAACCCGGTTTTTTTT,-9.7
AAAAAAAAGCTGTTTGCAGTGCGAAAGCACTGTACGCCGGTTTTTTTT,-10.48
AAAAAAAACGTGGACGCAGTGCGAAAGCACTGTCAAGACCTTTTTTTT,-9.22
AAAAAAAAGGTGTTCTCAGTGCGAAAGCACTGCGAAGTGGTTTTTTTT,-10.69
AAAAAAAACGTCTACTCAGTGCGAAAGCACTGACCCGGGGTTTTTTTT,-12.69
AAAAAAAAGCTATGGGCAGTGCGAAAGCACTGGATTCAGGTTTTTTTT,-12.43
AAAAAAAAGGTATTTACAGTGCGAAAGCACTGTAAATACCTTTTTTTT,-23.45
AAAAAAAACCGTTGCACAGTGCGAAAGCACTGTTCCAGCCTTTTTTTT,-11.78
AAAAAAAACGATGGTCCAGTGCGAAAGCACTGGGAATCCCTTTTTTTT,-13.05
AAAAAAAACCGTGCAACAGTGCGAAAGCACTGGTATCACCTTTTTTTT,-10.9
AAAAAAAAGGTCGGGACAGTGCTTTCGCACTGGTTTCTGCTTTTTTTT,-9.99
AAAAAAAACCCATCGACAGTGCGAAAGCACTGGCAGGCCCTTTTTTTT,-9.31
AAAAAAAAGGCGGGAACAGTGCGAAAGCACTGCGGCCGGGTTTTTTTT,-13.52
AAAAAAAACCTGTAAGCAGTGCGAAAGCACTGTGTACAGCTTTTTTTT,-15.38
AAAAAAAACGTCGATTCAGTGCGAAAGCACTGCCAAGTGCTTTTTTTT,-9.01
AAAAAAAAGGTTGGGACAGTGCGAAAGCACTGCGGCACGCTTTTTTTT,-12.04
AAAAAAAACGTGGTGCCAGTGCTTTCGCACTGTACAGCGCTTTTTTTT,-12.53
AAAAAAAAGGGGGGTTCAGTGCTTTCGCACTGGGTTCGGCTTTTTTTT,-9.79
AAAAAAAACCGGCTATCAGTGCGAAAGCACTGGCAACCCCTTTTTTTT,-9.95
AAAAAAAACGGAAGAACAGTGCGAAAGCACTGCACCAACCTTTTTTTT,-10.72
AAAAAAAAGCACGGGTCAGTGCGAAAGCACTGTATTCCCGTTTTTTTT,-13.81
AAAAAAAAGGTCATTGCAGTGCGAAAGCACTGTCCACCGGTTTTTTTT,-10.37
AAAAAAAAGGCACTTACAGTGCGAAAGCACTGCTGCTAGCTTTTTTTT,-11.77
AAAAAAAACGAGGCAGCAGTGCGAAAGCACTGACTGATCCTTTTTTTT,-12.15
AAAAAAAAGGTGCCCGCAGTGCGAAAGCACTGTAACGCGGTTTTTTTT,-11.51
AAAAAAAACGGGGGTCCAGTGCGAAAGCACTGACGGAACGTTTTTTTT,-13.72
AAAAAAAACCGCGTTCCAGTGCGAAAGCACTGACTTAGGCTTTTTTTT,-9.89
AAAAAAAAGGGTCGCGCAGTGCGAAAGCACTGATCACGGCTTTTTTTT,-11.29
AAAAAAAACGCTGGCCCAGTGCGAAAGCACTGCAACTCGGTTTTTTTT,-11.55
AAAAAAAAGCCCCTAGCAGTGCGAAAGCACTGAGCTACGGTTTTTTTT,-12.04
AAAAAAAACCGAAGGTCAGTGCGAAAGCACTGTGGCTCCCTTTTTTTT,-9.21
AAAAAAAACGATCCGCCAGTGCGAAAGCACTGCATGTGGGTTTTTTTT,-11.55
AAAAAAAAGGTGGGGACAGTGCTTTCGCACTGGAACTACGTTTTTTTT,-11.08
AAAAAAAAGGTATTTACAGTGCTTTCGCACTGTAAATACCTTTTTTTT,-21.95
AAAAAAAACGACACGTCAGTGCGAAAGCACTGGGTGCCGCTTTTTTTT,-13.23
AAAAAAAACGGCCTGACAGTGCGAAAGCACTGTACCTCCCTTTTTTTT,-11.26
AAAAAAAAGCTTCTCACAGTGCGAAAGCACTGAGAAAGCCTTTTTTTT,-13.25
AAAAAAAACCTGAACCCAGTGCGAAAGCACTGCTACAGCCTTTTTTTT,-10.74
AAAAAAAAGCGTGTTGCAGTGCTTTCGCACTGTAGGCCCGTTTTTTTT,-10.16
AAAAAAAAGGGATGAACAGTGCGAAAGCACTGCTGACGCGTTTTTTTT,-9.51
AAAAAAAACGCACACGCAGTGCGAAAGCACTGGCCCAAGCTTTTTTTT,-11.12
AAAAAAAAGGAGTGTTCAGTGCGAAAGCACTGGATTATGCTTTTTTTT,-11.29
AAAAAAAAGGTGACGGCAGTGCGAAAGCACTGAGCATCCCTTTTTTTT,-12.93
AAAAAAAAGGTAGATTCAGTGCGAAAGCACTGAGACTGCGTTTTTTTT,-14.34
AAAAAAAAGGAAGTTCCAGTGCGAAAGCACTGACACGGGGTTTTTTTT,-9.55
AAAAAAAAGGATATGACAGTGCGAAAGCACTGCCCGAGCGTTTTTTTT,-9.51
AAAAAAAACGATTGTACAGTGCGAAAGCACTGGACGGACCTTTTTTTT,-11.32
AAAAAAAAGGACTGACCAGTGCGAAAGCACTGCCTCAACGTTTTTTTT,-9.86
AAAAAAAACCTACACGCAGTGCGAAAGCACTGTCTTGACGTTTTTTTT,-11.59
AAAAAAAAGGTTAAGCCAGTGCTTTCGCACTGCGCAGTGGTTTTTTTT,-8.39
AAAAAAAAGGAATTATCAGTGCGAAAGCACTGCCACAAGCTTTTTTTT,-11.19
AAAAAAAACGTTAGACCAGTGCGAAAGCACTGCAACGACGTTTTTTTT,-14.76
AAAAAAAACGAGTGCTCAGTGCGAAAGCACTGCCGATGCCTTTTTTTT,-9.01
AAAAAAAAGGAAAAGACAGTGCGAAAGCACTGAAGATGCCTTTTTTTT,-13.33
AAAAAAAAGCGTGATCCAGTGCGAAAGCACTGCACCGACCTTTTTTTT,-10.69
AAAAAAAAGGGTCAGTCAGTGCGAAAGCACTGCGCAACCCTTTTTTTT,-16.21
AAAAAAAACCTTAGAGCAGTGCGAAAGCACTGTGCCCGCGTTTTTTTT,-11.44
AAAAAAAAGGGGATTGCAGTGCGAAAGCACTGAGAACGGGTTTTTTTT,-9.31
AAAAAAAACCCATTGGCAGTGCGAAAGCACTGACTACACGTTTTTTTT,-10.95
AAAAAAAACGCATTTTCAGTGCGAAAGCACTGCGCCCGGGTTTTTTTT,-11.25
AAAAAAAAGCGGCAGTCAGTGCGAAAGCACTGCGTCCACGTTTTTTTT,-11.67
AAAAAAAACGTTTTATCAGTGCTTTCGCACTGTACGGACCTTTTTTTT,-7.92
AAAAAAAAGCTGGCGACAGTGCGAAAGCACTGAGATTGCCTTTTTTTT,-11.32
AAAAAAAAGCTTGCCCCAGTGCGAAAGCACTGTACTCTCGTTTTTTTT,-9.11
AAAAAAAACCCGCGTACAGTGCGAAAGCACTGAATCGCCCTTTTTTTT,-11.82
AAAAAAAACGGTAGGCCAGTGCGAAAGCACTGCATGAACCTTTTTTTT,-11.36
AAAAAAAACGTTTCGGCAGTGCTTTCGCACTGTAGTTACGTTTTTTTT,-13.55
AAAAAAAACGGCTTACCAGTGCGAAAGCACTGCCAGAAGCTTTTTTTT,-11.24
AAAAAAAAGGTAACAGCAGTGCGAAAGCACTGCCCCTCGGTTTTTTTT,-11.65
AAAAAAAACCAAGCAACAGTGCGAAAGCACTGAGCATGCCTTTTTTTT,-12.86
AAAAAAAACCATTCGACAGTGCGAAAGCACTGCATGTGCCTTTTTTTT,-9.31
AAAAAAAACCGGGGGACAGTGCTTTCGCACTGCGAATCCCTTTTTTTT,-10.39
AAAAAAAACGTTGGCACAGTGCGAAAGCACTGATGGTAGCTTTTTTTT,-11.44
AAAAAAAACCATACGGCAGTGCTTTCGCACTGTCAACACCTTTTTTTT,-8.42
AAAAAAAACCTAAAAACAGTGCGAAAGCACTGACTGAGGGTTTTTTTT,-13.61
AAAAAAAAGGGATATCCAGTGCGAAAGCACTGAAGTCAGGTTTTTTTT,-9.21
AAAAAAAAGGGTTATACAGTGCTTTCGCACTGGGCGTCCGTTTTTTTT,-10.99
AAAAAAAAGCGTTATTCAGTGCGAAAGCACTGCAGTCCGCTTTTTTTT,-15.5
AAAAAAAACGAGCTTACAGTGCGAAAGCACTGCACTAGGCTTTTTTTT,-10.48
AAAAAAAAGCTGTGGACAGTGCTTTCGCACTGATAGGACGTTTTTTTT,-8.01
AAAAAAAAGCATCACACAGTGCGAAAGCACTGCAACCGCGTTTTTTTT,-11.49
AAAAAAAACGGCATATCAGTGCGAAAGCACTGTGCCTGGCTTTTTTTT,-11.65
AAAAAAAAGGAGTGTACAGTGCGAAAGCACTGACCGCCCCTTTTTTTT,-14.69
AAAAAAAACGTCGATGCAGTGCTTTCGCACTGGTGGACGCTTTTTTTT,-12.33
AAAAAAAAGGCGTAACCAGTGCGAAAGCACTGCTCCCCCGTTTTTTTT,-10.49
AAAAAAAACGGCATGTCAGTGCGAAAGCACTGCGTCAAGCTTTTTTTT,-10.47
AAAAAAAACGGGGGTTCAGTGCTTTCGCACTGCTAAGCCCTTTTTTTT,-12.09
AAAAAAAAGCTGGGTGCAGTGCGAAAGCACTGAAGTGCCCTTTTTTTT,-10.89
AAAAAAAACCTAACAACAGTGCGAAAGCACTGCGCTTGGGTTTTTTTT,-14.38
AAAAAAAACCTCGGTTCAGTGCGAAAGCACTGCCAGCTGCTTTTTTTT,-9.01
AAAAAAAACCTGCGTACAGTGCTTTCGCACTGCCCACCCCTTTTTTTT,-7.81
AAAAAAAACCTGAGCTCAGTGCGAAAGCACTGCCCAATCGTTTTTTTT,-10.85
AAAAAAAACGTGAACACAGTGCGAAAGCACTGCTAATGGCTTTTTTTT,-9.31
AAAAAAAAGGGATGCACAGTGCGAAAGCACTGACCCCAGGTTTTTTTT,-10.14
AAAAAAAAGGTTCAGTCAGTGCGAAAGCACTGGTGAATCGTTTTTTTT,-13.85
AAAAAAAACCATATTACAGTGCGAAAGCACTGCGACAACCTTTTTTTT,-9.31
AAAAAAAACGCACTACCAGTGCGAAAGCACTGACCCTCGGTTTTTTTT,-11.65
AAAAAAAAGGGATCTGCAGTGCGAAAGCACTGGACCTGCGTTTTTTTT,-9.51
AAAAAAAAGCGGACGGCAGTGCTTTCGCACTGTGCTCCGGTTTTTTTT,-16.75
AAAAAAAACGTTGGAGCAGTGCGAAAGCACTGGGCAAACCTTTTTTTT,-10.62
AAAAAAAACGTACTTTCAGTGCGAAAGCACTGCCGTTGGCTTTTTTTT,-9.01
AAAAAAAAGCTCATTACAGTGCGAAAGCACTGGCATGTGCTTTTTTTT,-17.23
AAAAAAAAGCTTTTTTCAGTGCGAAAGCACTGCTCCCCCGTTTTTTTT,-9.21
AAAAAAAACGCAGCTTCAGTGCGAAAGCACTGCACCATCCTTTTTTTT,-9.01
AAAAAAAACGACCGTGCAGTGCGAAAGCACTGGGGTTGGCTTTTTTTT,-12.01
AAAAAAAACGGCTGAACAGTGCTTTCGCACTGCACTGGCGTTTTTTTT,-12.52
AAAAAAAAGGGCCGATCAGTGCGAAAGCACTGTAGCTACGTTTTTTTT,-9.41
AAAAAAAACGGGCTTTCAGTGCGAAAGCACTGTGTCTCGCTTTTTTTT,-10.56
AAAAAAAACGGTCCAGCAGTGCGAAAGCACTGGCCAGCCCTTTTTTTT,-10.32
AAAAAAAAGCATTGACCAGTGCGAAAGCACTGTTGCACCGTTTTTTTT,-9.35
AAAAAAAAGCTAAGGCCAGTGCGAAAGCACTGAATGCCCGTTTTTTTT,-10.78
AAAAAAAAGGAGATTACAGTGCGAAAGCACTGACAGCTCGTTTTTTTT,-13.23
AAAAAAAACCGTGGGGCAGTGCTTTCGCACTGTAAAATCCTTTTTTTT,-8.0
AAAAAAAACCAACGGCCAGTGCGAAAGCACTGTCATTACCTTTTTTTT,-8.91
AAAAAAAAGGTGGTCGCAGTGCTTTCGCACTGAACTGCGCTTTTTTTT,-11.26
AAAAAAAACGGGTAAGCAGTGCGAAAGCACTGAAAGTAGCTTTTTTTT,-9.11
AAAAAAAAGCATGACGCAGTGCGAAAGCACTGACCCTCGGTTTTTTTT,-9.31
AAAAAAAAGCAATATCCAGTGCGAAAGCACTGAACCCCCGTTTTTTTT,-9.21
AAAAAAAACGAGGGGGCAGTGCTTTCGCACTGATGAATCCTTTTTTTT,-7.68
AAAAAAAAGGGAGAGCCAGTGCTTTCGCACTGGATCCTCCTTTTTTTT,-15.73
AAAAAAAACCTTCTGGCAGTGCTTTCGCACTGTTAACGGCTTTTTTTT,-8.38
