header,sequence,dir,specie,strain
NC_000911.1:580876-580977(+),AGTTAGAAAATAATTTACCCACCGTCATCGACCCCTATGGAGCCACCAACCCCTGTGAATTTTTTGCGGTGGTGACGGAAACTTTCTTTGAAAAAGGGCAA,8_PMC8651088,Synechocystis,PCC6803
NC_000911.1:1342234-1342335(-),CCTTAGCCGACAACGAAGGGGAAATATCCCTGCAATTGTCTCGGCCCGAGGACAGTCCCGATCTGTTGCAACTCCATTACCAGGATTTGGTGCAGCAAGGC,8_PMC8651088,Synechocystis,PCC6803
NC_000911.1:1907590-1907691(-),GGAGATTGAAAATTGGCTATTCACCCAGGGTATGCCAGTGGCGGCCTTGATGGAAAAAGCGGCTCTACAGACCGCCCAGAGATTGCTAACGCTCTATCCCC,8_PMC8651088,Synechocystis,PCC6803
NC_000911.1:382652-382753(+),TTCCAAGCGTCCAAGCCAAAGATTTTATTCGAGTAATCAAAAAGCTCGGATTTTTTCTGGAGCGCCAGAAAGGGAGCCATGCCATTTATAAAAATACCCAG,8_PMC8651088,Synechocystis,PCC6803
NC_000911.1:2789671-2789772(+),TCAGCGTTCAGCAATATTATAAAATGAGTTGGCAATATCAACAGGCTTTTTGGCATGATGTTTTTACCTTAGTTCCTGACATCAAGGAGGGAACAATAATC,8_PMC8651088,Synechocystis,PCC6803
NC_000911.1:1112088-1112189(-),CTTGCAAATAGAATTACACATCTTTTGACCCTCAATCCAAGCAACTTTATTGGTATATCAGGTATTACAACTATTCATCCACAAGATTTGAACTCACTTGA,8_PMC8651088,Synechocystis,PCC6803
NC_000911.1:1293086-1293187(-),ACATCCATTTGTCCACCGAACATCATTCTCATAATGTGATGACGTTCCAGTGGATGGGAATTTGGGTGCAGATATAACCAACACAAAGTCTTCAAGTCTGG,8_PMC8651088,Synechocystis,PCC6803
NC_000911.1:769814-769915(+),GGCGATCGCCGTGAGGGCTTGATCGATGTCCCGGCGACGGTGGTGGCGGCCACAAAGGGCCAGTAAATTGTCTTGGAAAGCCTGTACGCCCAAGCTAAAGC,8_PMC8651088,Synechocystis,PCC6803
NC_000911.1:1613920-1614021(+),TACTTTACTTAATGCTCTCACCCAAGCGGATATTTACGCCGCGGACCAATTGTTTGCCACGTTGGACCCCACCACCAGGCGTTTATCCTTGTTGGATCCGG,8_PMC8651088,Synechocystis,PCC6803
NC_000911.1:2202447-2202548(-),GAACAAGTACATCCCCCACCAACGTCTGCGACGGCAACTTTCCCTGCTAGGTTTATTAAGTTTTTCCCTGATGGGTTGCAGCGATCTCTGGGAACAAAATG,8_PMC8651088,Synechocystis,PCC6803
NC_000911.1:2840965-2841066(-),CCGTTTGTTAGTTCTAGATTCCACCGCTCGACTTAACTGAGATAAAGCAATTACTGGCGCGTTAATTTCCCTGGCTAAACCTTTGAGAGAACGGGTAATTT,8_PMC8651088,Synechocystis,PCC6803
NC_000911.1:1606272-1606373(+),CTTCTTGCTTCATAAGAGCCAATGGCAATAACTTGGCCAGCCAGACTTAACCTTTGCCCTTTTTGAAAATTTGTCAGGAGTCATAACCATGGCGATCGGAG,8_PMC8651088,Synechocystis,PCC6803
NC_000911.1:2883622-2883723(-),GAAGGGGGCAGCGGCAGGTTGGCCCAATTGATCGTCAATTAATAATTCTTCAATTTGATCAAAACCTTCCATAACGGTTACGGCTTGTTCATGTCTGTCCC,8_PMC8651088,Synechocystis,PCC6803
NC_000911.1:3324396-3324497(+),CGCTATGGCCTCGACGACGGCCGCATGAAGACCCTAGAAGAGATTGGGCAAATCTTTAACGTCACCCGGGAACGCATCCGTCAGATCGAAGCTAAAGCCCT,8_PMC8651088,Synechocystis,PCC6803
NC_000911.1:3570229-3570330(+),GATTTGTTCTACCACACCCTGGTGGCCCTAGCCCATCACAACGTTGATCTACGGGCCGTTTATCGCAAGCTTGGCGATCGTCGCCGTTAACGGTGCCCAGC,8_PMC8651088,Synechocystis,PCC6803
NC_000911.1:3375272-3375373(+),TTTTGACTATTAAAATATATGAAACTTTTTCATTGGCTACTTTATTTCACCACGTTCAGTTTACCAGGAATAATTCCCTGCCCTGTTTTAGCCAATGAAGT,8_PMC8651088,Synechocystis,PCC6803
NC_000911.1:2408898-2408999(+),ACCTTCAGGACCGCTACCATCTAAATTTTCATCATCACTTTCTAAATCTGCCTGTTGCCAATCCGCTGGCGATCGCCTGGTCAATTCTTCCAGAGAACGGG,8_PMC8651088,Synechocystis,PCC6803
NC_000911.1:2934640-2934741(+),ACGCCACCAGCAATGAATTACGGGACTTTACCCAGACTATTAATAACCGAGGTTGGTCTTTGGCACAAGTCAGAGAAAACCTAGTTAATAGTGAAGAATTT,8_PMC8651088,Synechocystis,PCC6803
NC_000911.1:910879-910980(+),GCTCATTAAAGCGGCCAATACCCTCCCCTTGGTGATTGAGGCCGGTAATGGTCAGTTCCACTACGGACCCCTGTTGCCAAAGAGGGCTAGTGGCGAAATTA,8_PMC8651088,Synechocystis,PCC6803
NC_000911.1:855281-855382(+),CAAACCATTGCCTTCGGGACTTTCAATCCATTCGGCCTGGCTGAGGGTGCTAACGGTAACACCGGGGAAAACATCCTGCCCTGGTTGCAGCAACTGGCCGC,8_PMC8651088,Synechocystis,PCC6803
NC_000911.1:795179-795280(-),GGAGTTGACTGCCGTGGGCGTGGGCCGTATCTTCCCAAACGTAGAGGCCTTTGCCATGGCAATAATCCACCACTGCGGGGAATTCGGGGGAAATTACGCCG,8_PMC8651088,Synechocystis,PCC6803
NC_000911.1:1970864-1970965(+),AATAATAGTAATAATAGCAGAATCGTTGAATGGCACTTATGTACGACCTAAAAATAGACAGAATAATCCTACAGCAAAGCAAATTCATCACCTTAGTGCTA,8_PMC8651088,Synechocystis,PCC6803
NC_000911.1:466735-466836(+),GTCAACGAGCGATCGCCGAAATTAAAAAACAAAGCTTGGTGCCCCTCCCCCCCAGTGTCAGCCAGCAAATTGAAAACATTCAAATGCAGGTCAACCAACAA,8_PMC8651088,Synechocystis,PCC6803
NC_000911.1:2275679-2275780(-),TTCCTTTTTTAATTGCTACTTGAATTTGCTCAAATAATGCCGGTAGATGCTCTTCAATCCATTGGTATAAAACCGGACTGGTGTGGCCAAACACTAAATCA,8_PMC8651088,Synechocystis,PCC6803
NC_000911.1:3190209-3190310(+),CATGGCCATTTCCTTTGTGGGGGCCAGCGTCATTTGGAAATTTGTCTACGCCTACAGGCCAGCGGGGGCCGAACAAATTGGTTTGCTCAATGCCATTGTAA,8_PMC8651088,Synechocystis,PCC6803
NC_000911.1:306670-306771(-),AACGATTCATCCAACTTTCCAGGTAAGCTCGGTTAGTCTCCTGTTCCTGGGGATTATCGGTCTCCAGGGGATAGGGTGCTAAACCACGAATGGCCGCGGTG,8_PMC8651088,Synechocystis,PCC6803
NC_000911.1:2878283-2878384(-),AGAAAGGACTTCCGGCATTTTCACCGAAGCCATCATCGCAGAAAGAATACCGTTAGTATCTCCGGGCACCTGGATGGCCAGGGAATTAAACCAGTACGACC,8_PMC8651088,Synechocystis,PCC6803
NC_000911.1:3359642-3359743(-),CTTGGTCATTAACGAAGAGGCAAATAACGGGGCAATCCTCCGCTAAAATAGCGGTATCAAGGTTGAGTTGGGCATCAAAAAAGACCATTTCCCGTTGATGG,8_PMC8651088,Synechocystis,PCC6803
NC_000911.1:1903890-1903991(-),GGAGAAAAGTGCCCGTTGGACGGCGGGAGTATGGCAGAATGGGAGGAAGCCAATCTGCCGGAAATTCATGACTGCCACTGCTGTTAAAACCGATTACGAAG,8_PMC8651088,Synechocystis,PCC6803
NC_000911.1:994790-994891(+),AAATGGACCATCTGAATGGGGTTATGTTTGTGGACCGGGTGGATAATCCTTTAGCCTTAGCAGAATCTTTGAAGAAAGAAGGTTTTTCTATGCAGGCGGTT,8_PMC8651088,Synechocystis,PCC6803
NC_000911.1:1645329-1645430(+),CATCACTAGCCCCGATGGCGAGTACGACAACGTTTTTTTGAGCAACTACGCCGATCGCTATCTGGTGGATCCCATCCGTCGGCTGGAAGGAGTGGGGGATG,8_PMC8651088,Synechocystis,PCC6803
NC_000911.1:2897112-2897213(+),GCCTTGGATTTGCCCTTTGCTTCCGATTCCTTTGACTGGGTTTGGTCGTTGGAAAGTGGGGAGCACATGCCCAACAAAGCTCAGTTTTTACAAGAAGCTTG,8_PMC8651088,Synechocystis,PCC6803
NC_000911.1:752078-752179(-),CTGCAAACAGGGTAACGGATAACATGGTTCCCACCAACGCCTCTGTCAAGGCCACATCCGCTGCTCCCAACAGTGTATAAATCAGGGCCGCCACCGCCCCC,8_PMC8651088,Synechocystis,PCC6803
NC_000911.1:385426-385527(-),ATAGCCCCTGTTCAATGAGGTGGTGATAGTCTGGAACTGTCCATTTCAGCAGGGTAACCATGGTTATTTCACAGGCAACGGGGGACTAGTCAATCTTAACA,8_PMC8651088,Synechocystis,PCC6803
NC_000911.1:597737-597838(-),ACTGGATAAGGACTGTCTAAGGGATCCACCTCCCGGGTATCAGTCACATTAAGCAAAAAATCATCATCGGGAATCCCCACCGGAGCAAAGAGTTGAACGCC,8_PMC8651088,Synechocystis,PCC6803
NC_000911.1:3009566-3009667(-),TGGGGACCTCTTCTTCCTCCGGAGCACTTACTACTAATTGTTGGGGATCAATGGTCTGTCCACAGTTGCCGCAAAAAGTAGCATCACTTTGCACGGAGCTG,8_PMC8651088,Synechocystis,PCC6803
NC_000911.1:2748416-2748517(-),TTCCACCGCCTTTGGTCAACATAGCAAAAGTCAACTCCATCATCAATGGTTAAATTTAGGGCTAATTGTTTTTCCTTCGCTTTAGTTTGCACCATGGAAAT,8_PMC8651088,Synechocystis,PCC6803
NC_000911.1:1016162-1016263(+),GTGCCAGGGTTGGTTATATCCGTTTAAATCAATTCAGTGCCCAGGCTTCGGAGGAAATGCGCCAAGCAGTGCAGAAATTGGAAAAAGAGAATGTGGTGGGC,8_PMC8651088,Synechocystis,PCC6803
NC_000911.1:804837-804938(-),GTGGTTTTGGATTGGCAAAAGGCTGGGGAAAATTTGCCTTTCCTTACTTCCGGCAGAAATGATTTGCCATGGGAAAATTTGGCTTTTACCAAAGGTGCTCC,8_PMC8651088,Synechocystis,PCC6803
NC_000911.1:894921-895022(-),CAAGGTAATGAAGGGTGGGTTCTAAATCCGGCGCATGGTAATTCAAACTAGGATCAAAATCATAGCCCCTAGCCGGTTGAATACCAACGAAAATATTGCCA,8_PMC8651088,Synechocystis,PCC6803
NC_000911.1:1711594-1711695(-),GAATAACTCAAAAATCTATAAATAACGAAATCAGTCATGGCTTACGATCTTGATTTACGTCTTAAGGTTATAGATTTCATCGAGAGTGGTGATGGAATCAC,8_PMC8651088,Synechocystis,PCC6803
NC_000911.1:3387205-3387306(-),ATTTTGACTCCTTGGTAACGGTCAAACACCAGGTCCGTATCTCCGGCGATCGCCGCAGTGGCGTAGGACAGTTGCAAAAACTCCCGACTCAGCTCTGGATC,8_PMC8651088,Synechocystis,PCC6803
NC_000911.1:1580321-1580422(-),AAGGAAAAAAAGGGAAGCTAGAAATACTGAAGCTAAAGCAATATGGGATGCTGTTGAAAGATACGGAGAAATGTTAGTTTTTGAAAAAGAGAGAATAAGCC,8_PMC8651088,Synechocystis,PCC6803
NC_000911.1:2520066-2520167(+),TTGAGTGGTTATGATCAAGAAGAATTAATTGGGCATTCTTTGCTTGACCTTAGGCTATTGACCCCAGAGTTTTATGCTCAACAAAGACACTTTTGGCGCAC,8_PMC8651088,Synechocystis,PCC6803
NC_000911.1:3064465-3064566(+),GCAAAGAAACTTGGTGATAGCGGTTCCCTTTTTGATCCGTTAATGGTTTTTGACGGGTGGTTTCCCGCTCAAAGGCTAAGCCTGGGGGATTTTCCCCTGCC,8_PMC8651088,Synechocystis,PCC6803
NC_000911.1:3300232-3300333(+),TACAGGAGTTGGAAGAAGAGGCAGAGGAAGCAGCATGGTCCTTAGGGGCAACGGAATTCCAAACTTTTTGGCGGGTAATTTTTCCCCCTTTAATTCCGCCG,8_PMC8651088,Synechocystis,PCC6803
NC_000911.1:2616953-2617054(-),TGGGCAAAAAATTGTTCCTTTTCTTCTGGGAGCAGATGGTGCAAAGAAAAACCGACGTGAATCAGATCAAAGCTGGCTGGGGCGGTTTGGTTGGCTTCACC,8_PMC8651088,Synechocystis,PCC6803
NC_000911.1:526275-526376(+),TCACCAACAATATTCTGCTTAATGGAAGTCTTCAAGTTCAGACTGCCCAAAATATCGTCAGTCAACCTTCTTCTTCCCTGAGTGCAGTGGAAATAGCATCC,8_PMC8651088,Synechocystis,PCC6803
NC_000911.1:3333474-3333575(+),ATTGCTTTGCTGAGTTTAGCCTTGCAGGAAATAGACCAGCCCGCCATTTCCCTCACCGGAGCCCAGGTGGGCATCGTCACCGAGGCCGAACATAGCCGGGC,8_PMC8651088,Synechocystis,PCC6803
NC_000911.1:594338-594439(+),TGAATCCGTGGCCATTGCCAGGACGATCGCCGATGTGGTGTGGGGTGAAATCTAGGGCGAATGAACCGCCTCTAGGCTTTTTTTGTCTAAAGCAAGATTAA,8_PMC8651088,Synechocystis,PCC6803
NC_000911.1:1157815-1157916(+),GCTTTGGTTTGTCTTTGGGGGAGGTTAAAAGTTACTTTTCTTCCCCGTTGGCTAGTTAACCAATCATTGAGCAATTCTCCATCAGGTAAAGCACAGGGCAG,8_PMC8651088,Synechocystis,PCC6803
NC_000911.1:2161958-2162059(-),TTAAATTACTCAGTACCGGTTGGGTTTGGACATTGATAACACCGGCAAAGGTACGATTAATCAACCCCCAGGCAGTGGGAGCAGTGCCATTACTAACGGTA,8_PMC8651088,Synechocystis,PCC6803
NC_000911.1:258317-258418(+),ATGCTCACACTTCCCATGGGAATCTCTTGTTGGCGATAAATGGCGGACACCAACGTGCAAGGATGCATGGATTCCAGCGGGTTTTCTGCGCCAATGCGGAT,8_PMC8651088,Synechocystis,PCC6803
NC_000911.1:2534360-2534461(+),GCCGTATATTACGCATTAAAGAAAATGAAAATAAACAGAAAAAAAAAAGAACTACGTTATCGAGAAAGAAACCGGGAGGAACGAGTTAAGTACTATAGAAT,8_PMC8651088,Synechocystis,PCC6803
NC_000911.1:1781267-1781368(-),GGTCAGAAAGATTGGAAAGTTGAATCACCTGTAATCCTTGGAGCAATAAATTCATCCAGGACTGGGCCCGTACCGGGGAAGCAATGGCAACGGTGACAGTG,8_PMC8651088,Synechocystis,PCC6803
NC_000911.1:1915645-1915746(+),ACCCACGTTGTCCCCAGCCATTCCCTCTTCAAGGGTTTTTTGGAACATTTCCACACCGGTAACAGTGGCTTTACGGGTATCTTTAATGCCGACGATGGAAA,8_PMC8651088,Synechocystis,PCC6803
NC_000911.1:2012723-2012824(-),CGGGTTTCCAGTATGCGTCGGATGCTGGCCTCGTCATCGACCACCAATATCCTTTCTTTATTGGTTTCCAAGATCCACAACCCTCCTTTGATTAACTTGTA,8_PMC8651088,Synechocystis,PCC6803
NC_000911.1:2032132-2032233(-),CCTGGGGACGGTCGAGTACATTTCCAGAGCAAATTTGTCCGCACCCAGGGTTACGTGGAAGAGCAAAAAGCGGGAAAAATGATCTATCGGGGCGTCTTTGG,8_PMC8651088,Synechocystis,PCC6803
NC_000911.1:3161875-3161976(-),TACGTCGGCGATCGCCAAAGTTTAGAACTGTTCTACAAAGCAAGAAACTTACCGCAAAAAAACGAGAATAATCCTTAAACCTGAACTAAATCAACAGATAC,8_PMC8651088,Synechocystis,PCC6803
NC_000911.1:727428-727529(-),TTATCCGGGGGAATTGTGTTTAAGAAAATCCCAACTCATAAAGTCAAGTAGGAGATTAATTCAATGTTCGACGTATTCACTCGGGTTGTTTCCCAAGCTGA,8_PMC8651088,Synechocystis,PCC6803
NC_000911.1:1475211-1475312(-),GATCATGGGAACCAAGAGTAGGTCCTGTGGCTACCTGGTCAAACATTAACCCCAGACCATCGGGAGCAACGGTGAGATCAACTTCGGGGTAATTGGGTAAA,8_PMC8651088,Synechocystis,PCC6803
NC_000911.1:13071-13172(+),TGAGCCGGATGAATCCTACTACCTTGGTGAAAAAAAGGAGCATCCTGATTTGGCAATTGAGGTCAATGTCACCAGTGGCAGTCCAAGCAAACTAGCAAAGT,8_PMC8651088,Synechocystis,PCC6803
NC_000911.1:1503383-1503484(-),GCTACAGTTTCCCCCGGCCACCATGCCCATCAGTGGTCAATTAAGTTCCACGGTCACCATTCAAGGGCCTCTCGAAAATCCGCAAATTAACGTCGCCCTAC,8_PMC8651088,Synechocystis,PCC6803
NC_000911.1:2547321-2547422(+),AGCTAAGCTGCATACCGCTTCGTCTAGGGCGATGGAGGTAGCAAAATCTTCTTGCAGTCGAAACATCTCGTCAATTTCCCCAGGAGGCAGGGGTTGCTCCA,8_PMC8651088,Synechocystis,PCC6803
NC_000911.1:3344433-3344534(+),TATGCCCATCCACCGTTTGGATGAAGAACCCACCCAGCGGGGCATTCTGGCGGATATTACCTGCGACAGTGATGGCAAAATTGACCAATTTATTGACCTGC,8_PMC8651088,Synechocystis,PCC6803
NC_000911.1:28735-28836(-),AATTATTCAGGTACAACTTGCCGAAGTTATGTACTTAAAGAGGAATCATAAGAAGAATTTTCCTCTAGTTGCTCACTTTTATCTTACAGGAAATTCAGTAG,8_PMC8651088,Synechocystis,PCC6803
NC_000911.1:1621190-1621291(+),GGTATTTTGGGCTTTTTTGCCACCGATTGTGACGGCGGTGGCGTTGTTGGTGGCGAAGGATGTGGGGGCGATCAATGTGGGGGCAACGTCGATTCCTTATC,8_PMC8651088,Synechocystis,PCC6803
NC_000911.1:26119-26220(+),TTCCCAAACGATTGGAACTGGTAAAAGTATCGCCAAAAAGAGGTAAATCAGAGCGATTAGGTTTGGGAATTGCATTATAATCGGGATCAAATACGTTAATT,8_PMC8651088,Synechocystis,PCC6803
NC_000911.1:752001-752102(+),CCCCTATTGCCTTTTTGCGCTTTGTTGGTGGTAATTCAAGGCAATCCCTACCAGGCCTTGGTAATGCGGGGGATTTTGGGGGCGGTGGCGGCCCTGATTTA,8_PMC8651088,Synechocystis,PCC6803
NC_000911.1:3127464-3127565(-),TTTAGAAAGTCCCAGTTTGCAGAAATATTTTCATGATGTTTTAGATGAGTGCTACAAACACGCTCGTAAAATGGTTGCCATCGAGACTGACACTAGTTTAG,8_PMC8651088,Synechocystis,PCC6803
NC_000911.1:721101-721202(-),GGTGCAGTGCTGGTAACCACCATGGCCTGTTTAGGTCTGTGGACACAGGAAGCATTTGCTCAAATTGGTAGTCCTTCCCCTAGTCTATTACCGCAGACCAG,8_PMC8651088,Synechocystis,PCC6803
NC_000911.1:525147-525248(+),TGTTAACCCAAGGAGCGAGCAATCTTGATTTGGGGTTAGCGGTGCAGCCCAATGGCAGTGTTACGACCAACGGGACTAACGCTTTGGTTTCTCCGTTACCA,8_PMC8651088,Synechocystis,PCC6803
NC_000911.1:2569642-2569743(+),ATAATTTCTTATAGGCGGAAGTATAATCTACCCCCGCATTAGTGCGGGAATCTGCCCCCATGACCATGCCAAAACGATTAATTAAACCCAAACAATAGGTC,8_PMC8651088,Synechocystis,PCC6803
NC_000911.1:2987018-2987119(+),TGGTGATGAAGGAACACATCTGGGGCACCGAATTTAAGCTCCGTTCCTATCCCATGGACGCCCGAGATGAATTTGCCTACCAAACGGATTTAATCCGTCGG,8_PMC8651088,Synechocystis,PCC6803
NC_000911.1:1109903-1110004(-),AGAAGTGTCTAAAGATACTATTAGGGAATCTGAAGAACGATACAGTAGCTGGAAGGTGGAAGATCTTAAGCAAGAATATCGTCGTCTTTTCCCTTACTTCG,8_PMC8651088,Synechocystis,PCC6803
NC_000911.1:1131440-1131541(-),AAGCCGCCAGCCATGAAACCTACAAAAAGCAAATGACCCAAATTTATGGAGTTTTTGCCAATGATAAACCAGGGGGTTGTCCAGAATTAGATGCCAGTAGT,8_PMC8651088,Synechocystis,PCC6803
NC_000911.1:429450-429551(+),GCAATGAGAGTTTGCCAGGCTGGTTTATCCTCCAGAGGCGGGATATTTTTGATTGCTTCCATGGCCCCTTGCAACGATTGGGCGATCGCCTTTTTTAAGGC,8_PMC8651088,Synechocystis,PCC6803
NC_000911.1:3541988-3542089(+),GGAGGGCTTACGATACTTACCCTCAATGAAAGATAGTACGGTGCGCTTCAGGTCGTAGGAAAATTCCTCCTGGGTTCGACGGTACAAAGAAACTTTATCAA,8_PMC8651088,Synechocystis,PCC6803
NC_000911.1:2602634-2602735(+),TGACTCCCGGTGAAAAACCGGACATGTCCCCCTATTTATTTCATTTGACAACAAAAGACAGCCTAATAAATATTCTAGAACACCAAAAATTAATATTGATT,8_PMC8651088,Synechocystis,PCC6803
NC_000911.1:3460777-3460878(+),ATGGCCTGTCAGCAGACTTTTTGGGGGACTACTTTGCCACCTTTTTTCCCGGCAACGGAGCAGACGACGGCCTTAGTCAGCGGGACACCATCAAAGGCTCC,8_PMC8651088,Synechocystis,PCC6803
NC_000911.1:706547-706648(-),TCTTAAACTCTGCTCCCCATATTGAGGACCGCCCCCCAGTAAGCCAGCTTGGATTTGATAGGGGAAAATTTCCATCGGTTCCGATAAGGGCAACCGGAATA,8_PMC8651088,Synechocystis,PCC6803
NC_000911.1:2080760-2080861(+),GACCCAGCTTCAAACAAGAACCAAAGTTCAGTGTTCCTAATGTAATTCGTTTGTTTTTATTTTCTTTTATTGATTGCTTTCCTATCTCGCTCACTTTATTT,8_PMC8651088,Synechocystis,PCC6803
NC_000911.1:2500593-2500694(+),CATGGGTTGTCCCCACATCATGGCGAACTCTGGCACCATCACCGGCAGTATTGGCGTAATTTTACGGGGCAATAACCTGGAAAGATTACTAGAGAAAGTGG,8_PMC8651088,Synechocystis,PCC6803
NC_000911.1:227904-228005(-),TAAAATGAGAATGGAAAATAAACAGGCAGTTTGACGCACTAAAGATTTCATAGTTGGGCCCATAGTTTTAAAGGATATGACCGGAAATGATCCAGTCTTAA,8_PMC8651088,Synechocystis,PCC6803
NC_000911.1:1180569-1180670(+),CGGCCCCATGCTCCAAAAAAGACTCCACCAGTACTTTGCCTATCCCCCGATTGGCACCAGTAACCAGAACTGTTTTGTTGCTAATATCGATGGCCATGGGC,8_PMC8651088,Synechocystis,PCC6803
NC_000911.1:3533262-3533363(-),TGGAAATGTCCCTGGGGCGCCAGGGTGCTGATGTATAAGTTCCAGTCAAGCTTCAGGTTCACAGTGGAGATAATATAGTCAAATTTGCCTTCCGCACTGGC,8_PMC8651088,Synechocystis,PCC6803
NC_000911.1:3378145-3378246(+),AGGCTTTGGCAGTGGAAATAGACCAGGACTTATTTAACGACCAAGGGGAAGTGGATTGGACGAAATTAGACCATAAAGCTCGCCATTGCGTGGAAGTATTT,8_PMC8651088,Synechocystis,PCC6803
NC_000911.1:554535-554636(+),AGACTGCTTAGATTTTTCCCCTACATCGAAAATTGGCTCTTTGACATCCCCCAAAACGGCTAAAGCCAGGGGATTCCTAGACCTGTTTTCAGATAAATTTG,8_PMC8651088,Synechocystis,PCC6803
NC_000911.1:3120587-3120688(-),GTTTCTGCAAGCTGGGGGTAAATTACTAGAGCATAGCGCTTTCCAAAAAGCAATTATTCACTCCGATGGAGTTGCAATTAGTTACCAACATGATGGAGAAA,8_PMC8651088,Synechocystis,PCC6803
NC_000911.1:1414537-1414638(-),AGCAATTTTTTTCCAGAGCAAAGGGGAAAGGGTATAGCCCACCAAACGGTCTAAAATGCGGCGGGTTTCCTGGGCATGGACTAAATTCTCGTCAATATCGC,8_PMC8651088,Synechocystis,PCC6803
NC_000911.1:1911157-1911258(+),GAAATTAACCGGCAGTTGCCTGCGGGACACAAACCTTAGTCACTCCAGTTTGCGGGGCGCTAACCTCCGGGGGGCAGATTTAACCGGAGCAAATCTCACTG,8_PMC8651088,Synechocystis,PCC6803
NC_000911.1:56953-57054(+),CTTCTTGGTAAGTGGGATTGGGGGTATAACCAGCCGCATAACCAACAGCGGTGCTGTAAACTCCAGGTATTTGCCAAAATTTGCGTTCTGCTCCCCAAAAA,8_PMC8651088,Synechocystis,PCC6803
NC_000911.1:1268790-1268891(+),TGGGGGCCTATGCCCTCGGTTTACGCAATGTTTTAGCTTTAACCGGCGATCCGCTCAAAGCAGGGGACCATGCCAAGGCCAGACCTGTCTACGATTTAGAG,8_PMC8651088,Synechocystis,PCC6803
NC_000911.1:457059-457160(+),CCCTAAAAATAAAAGAAATTGAAGATCAATACTTCCAAGGCAAAAAAATAGGGCCAGAAAATTGTGATTATAGTGCCGACACTGTCACCTATTTTGCCAAC,8_PMC8651088,Synechocystis,PCC6803
NC_000911.1:2234988-2235089(+),TCAGTTGGTAGAGCACTTGCATGGCATGCAAGGGGTCAGCGGTTCGAGCCCGCTTAGCTCCATTTAAATGGAAAACTAGTCAGTTACTCCTTTACTTCTTG,8_PMC8651088,Synechocystis,PCC6803
NC_000911.1:602794-602895(+),TAGTGGCTTGCCGTTGGGAATCGTTAAAGTAGGCAGGCACAGTAATCACAGCTCCGGTGACCTTTTCCCCCAGGTAGCGGCTGGCTTCTTCGGCCAACTTC,8_PMC8651088,Synechocystis,PCC6803
NC_000911.1:2094093-2094194(-),AACGCACCGATGTTTTGGAAGTGGAGGAATATTTTTCCAAGGGCCAAAAGGGTTCTTCCGCTATGCCCCATAAACGTAACCCCATCCGCTCAGAACGATTA,8_PMC8651088,Synechocystis,PCC6803
NC_000911.1:1672265-1672366(+),TTTATTCATGGCTAAGTTATTGTTGCCCGTGGCAATGATCAAATTCACTTTCTTAATTAGACCATCTTCATCTATCTTGTAATGGTGGAATAAAGTACCCC,8_PMC8651088,Synechocystis,PCC6803
NC_000911.1:2302990-2303091(-),AAGCATAGGCCGCCGGTTGCACTTCCAATACAAACAGGGTTTGCCCCGCCAACAGCATATGGCCCCGCCGATTACGGTTAATTAACTGGGTTTGATAGGCA,8_PMC8651088,Synechocystis,PCC6803
NC_000911.1:73173-73274(+),AAGAGGAATAAACCCCGCCACCAACTTTCGAGTAATTGCCAGAGGGGAATCTGGAAAATATAAAAGCTAATATCGTGGTGAAATTGGGGGTCGATGGTATT,8_PMC8651088,Synechocystis,PCC6803
NC_000911.1:1380442-1380543(-),TTTATTAATAAAAATCTAATTTCTGAAGAGCCTTTTCGGGTTTTATTTATCATTGCGCTGTTCATTTTAAGTATTACTTCTTTCATCTTTCTTTTTCAAGC,8_PMC8651088,Synechocystis,PCC6803
NC_000911.1:1305355-1305456(-),AGATTCACCCCGGTAAGCTTGCCAAAAACCGACCATAGATAGGGTAGTCCCCAACACCAAAGCTGGATCTGTCATTACTGCCCCACTGCTGACAAAGAAGC,8_PMC8651088,Synechocystis,PCC6803
NC_000911.1:2219550-2219651(-),GCTTCCCCCAGGGAAAGACTATCATTTTCAGTATTTTCCACCAGATGGACTACCTGTCCCAACTGATTACGGGATTCTCTTGGCTGGCGGTCTAAACTTTG,8_PMC8651088,Synechocystis,PCC6803
NC_000911.1:2772474-2772575(+),TTCCTTTCTATGCCTGGTAGAATTAGCATTGCCCATGTCTAAGACCTTAGTTGATAGTTATGGCCGTCGCATTCGTAAATTGAGGGTTTCCCTCACGGATC,8_PMC8651088,Synechocystis,PCC6803
NC_000911.1:1476157-1476258(-),GGTTGAGGTACCCCTACTCCCAAAACTCCCCGGGAAGTACAGGCCGCACCGGGGCCAATACCCACCAGCACCGCCGCTGCACCGGCCCGCATCAACTCCAG,8_PMC8651088,Synechocystis,PCC6803
NC_000911.1:2211969-2212070(+),CATTTTAAACATGAAGACGGCTCGACGGAATTGGTCCCCTTCTTTGGCTTAAAAACAAATCAATTGAAGGAGGTTTTTGCCCCTTCTTGCATGAGTTGTTT,8_PMC8651088,Synechocystis,PCC6803
NC_000911.1:3368562-3368663(-),GCAATGGATGCGGTTAATTCTGGCCGTAACCCCAACCGTCCCTCGCCACTGTCTTGGAGTTGAATCACGTTATTAGCCGAAATTGCCCCACCGGCCACTAG,8_PMC8651088,Synechocystis,PCC6803
NC_000911.1:2432373-2432474(+),CCGCTCAACAAGCCTACCAAGATTTTATTGCTAAGGAAATTTTACCCATGCCCAAAATAAATTAATTTGGTTAGATAGAGTTGAGTTAACAGATATATTGC,8_PMC8651088,Synechocystis,PCC6803
NC_000911.1:137762-137863(-),GTACTGACGGCGGACAATTTGAATGACCATCTGACTGGCAAGGGATGGGTCAATGGCCTTGCCTGCCCCAGCTCGGTAGTCGTAATAAACAAACCGGGTTG,8_PMC8651088,Synechocystis,PCC6803
NC_000911.1:1691440-1691541(-),CCGTCGGCAACTTTATCAACTCAGTTTGGAATTGGAAGCCGATGGTTGAAACCTGATTCTTTGGGAACATTCATGGCAACATCCACCTCTGGAAATTCACT,8_PMC8651088,Synechocystis,PCC6803
NC_000911.1:328628-328729(+),CTAAGCTGGCGATCGCCGTGGTGGGATTGTGGGGATAGCTGAGCACCGTCATTTTGGCCTTGGCTAAAACTGAGTTGGGAATGGCCGTAAACACTGGCAAA,8_PMC8651088,Synechocystis,PCC6803
NC_000911.1:823365-823466(-),AACGGATTACCAGCCGCAACAGTGGCCCAAGCCTATGTTCATAGCTTAGAAGGCACTATGACAGGAGAAGTGCTCTATCCGTAGTAACCATATCTTGGTTT,8_PMC8651088,Synechocystis,PCC6803
NC_000911.1:2812478-2812579(-),AAAACGGTGACGGTAGTGAGTGGTTTGCAATTATCGGCCATGGGACAGCAAGCTCTACTCAAGGCCCTGAAAAGTTTTTGTGGCAGTGGGGGCACCTTGAA,8_PMC8651088,Synechocystis,PCC6803
NC_000911.1:3009864-3009965(-),ACATCTTCCAAGAAATACTCATTGCCTTCCAGACGGATATCGGCATGGACCCTAGACACCACATCGGAATTGGCAAAACCCGATACATCGATGTCTGGTGG,8_PMC8651088,Synechocystis,PCC6803
NC_000911.1:1694605-1694706(-),ATTAAAATCTGTTTCTCTGTCCCCTTCAAACTTTGAGCATTACCCATGACTAAATCCCCAAACCTAACCGTCGCTGTCATTGGTACCGGCTTTGGCCAAGC,8_PMC8651088,Synechocystis,PCC6803
NC_000911.1:1119326-1119427(-),TCCACAATGGGATGGAACAAATTGGGGTTACCGGGGGAGAAGTAGCCGTGGGCAATGCGGTCAATCACAGCTTTTAGATCAAAGTTATTGTCATAGTAGGT,8_PMC8651088,Synechocystis,PCC6803
NC_000911.1:2822240-2822341(+),TTTTAGCCAACCGATCTTTATGCCTAATCGCAGCGATACCTATCCTAATAGTTACTACAGAGGCCACAACCGTAATTACCGGGGCAAGGACGAATTAACCA,8_PMC8651088,Synechocystis,PCC6803
NC_000911.1:1266891-1266992(+),CTTCATAATAAAACTGCTCTTCTTTGAGGGAATCCGCCCGGCGATCGCCAAAGGTAATGCGAACCCCAGCGTTGAGGTAGGCCAACTCCTTGAGACGACTG,8_PMC8651088,Synechocystis,PCC6803
NC_000911.1:156271-156372(+),TTAAGTATTGCAACGGTGGTTTCCCAGGGGCAGAGCGTCCCCGTAAGATGAGATTTTTAAAGACCCCCATTAGCGTGGGGCTATCCCTTTAAAAACCGTCT,8_PMC8651088,Synechocystis,PCC6803
NC_000911.1:1866930-1867031(+),ACGATCTACAGAAGCAAATGCCGCTTTATATTGGGGCGGGGGTGATGGTACTTTTGCCTGCTTTGGCGGGGTTGGGAGTACTGCTAATCAATTGGCAAAAG,8_PMC8651088,Synechocystis,PCC6803
NC_000911.1:3469405-3469506(+),CCGTATTCTCAGCCACGATCGGCAGGGCGACTCTCCGTCCCAATCCATTGAGTTTCACTGCTGGCATCCAGAAGCAAAAATTCAGCCCCAGGATACGATTA,8_PMC8651088,Synechocystis,PCC6803
NC_000911.1:2301988-2302089(+),GATTTACGGCGGGTAGTTCCGTCACCGTATCGGGTTCCTACAGTCGGGAAGCCTTTTTTGATGGATCCATGGGTTTTTATCGACTTCTGGACGATAACGGT,8_PMC8651088,Synechocystis,PCC6803
NC_000911.1:2934840-2934941(+),TTAGGAAATATTCGCAACGAAATCAACAATAGCACTGAAGCCAGAAACTTAAATAATGGCGGTAATTATAACCAAGGCAATAATTCTGTACGACAACGTCA,8_PMC8651088,Synechocystis,PCC6803
NC_000911.1:2040926-2041027(+),TTGGCCCCCCTTGGTAGTTAAACACCGTAGCTTGTCCCTCAAAACGGAAAATGGAGCCGTAAACGTTGGGCTTATTCAACAGCACACAGGCATCGTTGGTT,8_PMC8651088,Synechocystis,PCC6803
NC_000911.1:818619-818720(-),GGCTATCTGTAACGGTATTGCTCTCCACGGTTCTGGGTTACTACCCTTCGGTGCTACCTTCCTAATTTTCACCGATTACATGCGGGCCGCCATTCGCCTTT,8_PMC8651088,Synechocystis,PCC6803
NC_000911.1:2576129-2576230(+),CAATCCTGCCCCAGCGGAACCCCCACCGACCTACGTTAAGTTGGCTATGCGTAATATGGTGCGCAAAAAGGGCAAATCCCTAACCCATTTTTTTCTGTCCG,8_PMC8651088,Synechocystis,PCC6803
NC_000911.1:1451734-1451835(+),TACCGTTGGAGTAACAACCACCCATTTGGGGCGGCAAATCATGGGCATGGGTATGGAAATCACTCTGGGTACCCCTATAGGTCATCCGGGTTTCCAGCGCC,8_PMC8651088,Synechocystis,PCC6803
NC_000911.1:1594669-1594770(+),TCCAGGGCAAAATGACCTGAAAAAAGAGTACCAGGCCGAACGGTTATTCATTTATCTGGGACGCATTGCCCCGGAAAAGAACGTGGAAGCTCTGCTCAAAG,8_PMC8651088,Synechocystis,PCC6803
NC_000911.1:621084-621185(-),AGGAGCATGGCCACCAACTCATCGGTCACCGCATTTTTGTCCCCATAGGCTTGGCAGAGGGCCTGACGAACGGTTTTGGCCCGGGCCACCTGTCGGAAGAA,8_PMC8651088,Synechocystis,PCC6803
NC_000911.1:2666625-2666726(-),GGCCATTTCCGCCCCCACCATGGTGGTGGTAAACCCAGTGAGCAGCAGTAAGGTTAACGCTAACCAAGGTTTATGGAGCTTTTCGCCATTATTAACGCGAT,8_PMC8651088,Synechocystis,PCC6803
NC_000911.1:1689988-1690089(-),ATAGAACCTCGTGGCCCTGGGCCATCAAGCGATCAATAAGATGGGAACCGATAAATCCTGCTCCCCCGGTAACCAAAATCCGCATTGTTTCCCCGCTTTGT,8_PMC8651088,Synechocystis,PCC6803
NC_000911.1:2912401-2912502(-),TTCGTGGTCGAGGCTATCATCGGCCTGCCGTTGGGCTTCCAAAGCTTCCAAATCCCCTACCATGGCCCCCCTGGCGAGGGCATCCCCATCTACCACAGTAA,8_PMC8651088,Synechocystis,PCC6803
NC_000911.1:2353475-2353576(-),AAAGACCACCCGCACCGACTGCACCAGTGAAGGTCTTGTCATTGACCGTCAATGTGACGGTGTCACCAACATTAAATTCACCACCAACAGTGCCGGTGATA,8_PMC8651088,Synechocystis,PCC6803
NC_000911.1:185594-185695(+),ATGGCGTTCATCAAGGCTAAATTGAACTGGTGACGAGGGCATAAAACTAGCAAAATCAAAGAATAATTATGAGATTTAAGAATTAATTTAGAGTTATCGAG,8_PMC8651088,Synechocystis,PCC6803
NC_000911.1:1877276-1877377(-),TTTATCTTACGCTGGCGGGTCTCAACTTTCGTTGCCCCAAGCTCTTCTCTGCCCAACCAGCGATAAATTGTTGCTCTGCCCACCTTAAATATTTTCGAAGC,8_PMC8651088,Synechocystis,PCC6803
NC_000911.1:1663479-1663580(-),CTCCCCCTGGAAAAAGATTGTGCTTAAAATTTTGACATTTGCTAAGTATTGATCAACAGTGAGCAAAATTAATTGGTGATGCTAAAAGTTTGTGTGGATGC,8_PMC8651088,Synechocystis,PCC6803
NC_000911.1:1080382-1080483(-),GGCGGGAATGATACTGAGTTCCAGTTCAAAGGCGATCGGCTCCTCCGCTACCGATGTGATTACCAACTCGTAATAACCGGCTTGGTCAGTGGGGCCAGACC,8_PMC8651088,Synechocystis,PCC6803
NC_000911.1:1063800-1063901(-),GTTTTCGGGATCAAGCTTTAAAAGCGATCAAAGAAGTTACCTGGATTCCAACCCAGGGGGAAAATCGCATCACTCCCATGGTTGGCGATCGCAGTGATTGG,8_PMC8651088,Synechocystis,PCC6803
NC_000911.1:1381781-1381882(-),AGTGCCGACTCTTATCTGTTTGCCCGACAATCGATTACTGGAAATTGACTCAAACGAGACTATTTTGGATGCCCTTTTAAAGGGTGATATTGCCCACATAA,8_PMC8651088,Synechocystis,PCC6803
NC_000911.1:3272270-3272371(-),TTGACTGCTTAGTTCATCGGGAATTTGATCTAAAAGATGAAACAAACTTTCCCGCCAGATGGTAACCAATTGGGGGCCGGGAACCTGGGAAAACTGGACTT,8_PMC8651088,Synechocystis,PCC6803
NC_000911.1:1331648-1331749(-),GCTGGCCTTGGTCGTTATGGGGCAGGGCTAAATTACGAATCAAAGGAGAAACGGTGGTGCCCACAGTCCAAAGCACCAAGTCCACTGGAATTACATCTTCC,8_PMC8651088,Synechocystis,PCC6803
NC_000911.1:203733-203834(-),GGCAGTTTCTAAAATCCACCGAGTGAGGGGCACCATAAATTCCGTTTGGTCGCTCCACGGCAAAAACTGTCCCGGGGGCAGTAGGCCCTTTTGGGGATGTT,8_PMC8651088,Synechocystis,PCC6803
NC_000911.1:1451952-1452053(+),TCTGGTAAGAAATACGGGCCAGGTAATTTTTCCAATGCTTTTTCCACTTGATTCACCACCTGTTGAAACTGTTGTTGATTCCGTTGATCAGCACCGGGAAA,8_PMC8651088,Synechocystis,PCC6803
NC_000911.1:1738345-1738446(+),GGGCGCAACACCACTCAACAATTGATGTTTGTTGGCCCCGCTTCCCTCCCCATTACCCTAATTACCGCCGCTGTCATTGGCATGATTTTCACCATCCAGGT,8_PMC8651088,Synechocystis,PCC6803
NC_000911.1:543642-543743(-),GTTTTTGCCTGGAGATTAAAGGACGAAGTATTGGCCAACACTTGTTATACCCTGTACGACATGGCCGACAAATTGCGGGAACGGGGCTGGTTGGTGCCCGC,8_PMC8651088,Synechocystis,PCC6803
NC_000911.1:3306778-3306879(+),CAGTAAAGCGTAACTGGTGAGGACAATTTGCTGGTCTTTGACCTGTTTAACCAACGGTTGCCCTTTTTTCCGGCGATCGCCATGGTGCAATAGGGTTTTAA,8_PMC8651088,Synechocystis,PCC6803
NC_000911.1:398472-398573(+),CAAATACCCGAGCTGGCTCCGTCATTCCTACCCTAGCTTGAATAGCTGGATTGTCCCACCGCAGAAAGGGATTGGTGCGTTTTTCTGTGCCCAACCAAGAT,8_PMC8651088,Synechocystis,PCC6803
NC_000911.1:2307503-2307604(-),TTGGTTTTCGCATTGAGCATCCTCAATCTTTAATAGATCAATGTCGTTTTGGGACGCAAGCTGGCCATCCCCGCCTTGGTTCCGCCGATTATAAATTAGTT,8_PMC8651088,Synechocystis,PCC6803
NC_000911.1:2623622-2623723(-),GGGCCACTTGTTGCCATTCCCTTTGTTGCCATTGATGATTAGCAATGAATAACGTCCCCCGGCCGACCCGCAAAAAAGCCACCACCGCTGCCCAAAATTTG,8_PMC8651088,Synechocystis,PCC6803
NC_000911.1:22968-23069(-),GCGGTATGACTTATTTTTCTCTGACTATATGGATATGGCAAAAGACAAATTCTGCTATGTCAGTGGCTTTGATTTTAGTTTTTTATCAGCTCCCGCAAATT,8_PMC8651088,Synechocystis,PCC6803
NC_000911.1:1756528-1756629(-),GGGGCTGATATCGAAGCGTTAAAAAACTGTAGTTAGGGCATCGGGCTAGCCGTTACATTCAAACAAACGAATGAAGAAAAAAGTCACCATTTTCAAACCAT,8_PMC8651088,Synechocystis,PCC6803
NC_000911.1:3328110-3328211(-),TCCCCTACCACTCATATCTGAGTCCACAGCTTCGGTACATCACTTAGCCCCGTTCATTTTCGGCGCAGGAGCGCTTGACCAGTGAGCTATTACGCACTCTT,8_PMC8651088,Synechocystis,PCC6803
NC_000911.1:874170-874271(-),CATTGGCGCACCGAAAGTGAAATTCAGTTTGAGTTGGAGTTGCTCAATTTTTTAGCGGACCGGGATGTGCCGGTGGCGGCCCCCCTCAGGCATCGGGATGG,8_PMC8651088,Synechocystis,PCC6803
NC_000911.1:3133809-3133910(+),GAAAAGGGTGAATCCTTTATAGCCAGAAAGGATTTTGAGCAACTGTTTTTCCAGTTCATAGCGTAGATGGGTATCCAGGGCAGAAAAGGGTTCGTCTAATA,8_PMC8651088,Synechocystis,PCC6803
NC_000911.1:537957-538058(+),TGGAGTTATTTCTCGACACGGAATGGTCCGAAGCAATCCGAGAACAGTATCCTTTTTCTATTCTGCTGTGTGACATAGATTATTTCAAAAACTATAACGAC,8_PMC8651088,Synechocystis,PCC6803
NC_000911.1:3267105-3267206(+),GCTTGTTTAAAAAGCCACAATCCGCCCCCTAAATACCCTCACTAAACCGTCGGCAAATTTGGCAGACTTTGAACACTGTTCCCCCCAGAGTTGGGGGGCTA,8_PMC8651088,Synechocystis,PCC6803
NC_000911.1:1218766-1218867(+),TACTCTGGCCGTGGCCAAATCCAAGCGGGTGGCGATCGCCAACAGATGTTCCAAATCCAGCAGAACTTCTAAAACTTGATCACTCAGTTGTCGCAGAATCC,8_PMC8651088,Synechocystis,PCC6803
NC_000911.1:1395635-1395736(+),CTGGGTGTAGATTTGCACCTTATGTTCATCGGTCAAATCTAAATTATTCGTAAAGCCACGGCGTAGACGCAGTAACATCAGCAGGGAAAAACGATGCCCGG,8_PMC8651088,Synechocystis,PCC6803
NC_000911.1:108050-108151(-),GCTACGGGGAATCCGGTGGTGGCGGTGGAGCTAGACCGGGATTTATGCCTTAAATTACGCAAAAAGTTAGGGCAACGGGAAAATTTTCTGCTCCTCGAAGG,8_PMC8651088,Synechocystis,PCC6803
NC_000911.1:1892787-1892888(+),TGCTTCACATCAGCTTGGTTTCCGTAGGGCAATTTCATAACTTAGATTAAAAATATCCCAGAACTTAATTCAGGATAGATGTTACAGCATCGATTAGTATG,8_PMC8651088,Synechocystis,PCC6803
NC_000911.1:990011-990112(+),CCATAGGTGGTGACCATCTGTTCTGCTAAGTCCGTGGCCCGTTGTAAATCATTGGCCGCGCCAGTGGTGATGCTGTCAAAAACAATTTCTTCGGCGGCCCT,8_PMC8651088,Synechocystis,PCC6803
NC_000911.1:2868470-2868571(+),GGAATGTGAAGCCCTACAAAAACAAACGGAACAGGAAGCCACCGAAATGCAGAGGGATGTGGATACCTATGCCGATCGCCTGTTGAGCCGCCTGGAAGGAG,8_PMC8651088,Synechocystis,PCC6803
NC_000911.1:2696249-2696350(+),GATTAAAAGCATCCATTGCCGCCTGACTTGCTTGGCCACGGGCCACCTCTAGGACCGCCTGACTGCCGCAAATGGTTTCCGCATAGACATTTATCGCCAGT,8_PMC8651088,Synechocystis,PCC6803
NC_000911.1:1300879-1300980(+),CAGGCAGACCTGGCCGGAGCCGATCTACGCAGTGCCAATTTTCACGGGGCCATGCTCCAGGGGGCTATCCTGCGGGATAGCGACATGACCCTGGCCACTCT,8_PMC8651088,Synechocystis,PCC6803
NC_000911.1:1878735-1878836(-),CAGGTGCCCTATTGTTGGTCAATGCAACTCCAATCCTTGAGCAGTATTTCCATCAGTGTGGATATTCAAGCCACCCAAAAAAGAAATGACAATGGTGAAAT,8_PMC8651088,Synechocystis,PCC6803
NC_000911.1:839370-839471(-),CACATTACCGTCGCCGTTGCCCCGGCCTTGGCAGATAACTAACATCGCTGTTCACGTCACGCATACAAAACATGGGACAAAAAATACATCCAGTTGGCTTC,8_PMC8651088,Synechocystis,PCC6803
NC_000911.1:2448403-2448504(+),TCTGAGAGTTTTAAACCTCCTGGGTTAACAACAAAAGGGAGCTAGGGGAATAAATATCCGAAAATTTCTACAAAGCCCACATTAGACTTCTACCAATTCTA,8_PMC8651088,Synechocystis,PCC6803
NC_000911.1:1555725-1555826(+),TATACCACCTCTGCATTTCAGCCTTTTTCCTCCATTCTATCCTACCCACAATGATAGAAGAGCGATAGGTATTCTGTCACCGTAAACATCACTTAGAATGG,8_PMC8651088,Synechocystis,PCC6803
NC_000911.1:97953-98054(+),CACCAGGTCCAAATCTCCGTTATGGACTTCCCGATAGGTGGGATTAATAATGAAATCATCCCCTACTAAACCTACCCGCACAGCGGCCATGGGACCTTTGA,8_PMC8651088,Synechocystis,PCC6803
NC_000911.1:884074-884175(-),TGCTCGGAGTAATAATCCCCGTTTGCACTGTGTATAGCCCCCCCGACAGACCGGCGATCGCCCCGGAAATGCCAAATACCAACACCTTGAAGCCAGTGGGA,8_PMC8651088,Synechocystis,PCC6803
NC_000911.1:2145200-2145301(+),ACGGGCCCACAGCAATACCATGCCCAATAACCACAATCCTGGCAGTTGGTAAGCTGTTAAACGCCGTTCCCATAGCAGATGAAGGATGGCAAAAATGGTGC,8_PMC8651088,Synechocystis,PCC6803
NC_000911.1:1277903-1278004(-),AGCGCTTTGAAATTATTGGTCGAGTGGATAACGGCTATGGTGCTGTGCAACAGGCAGCGGTCCTCAACCCGGACTTGATCGTGATGGACATTGGCTTGCCT,8_PMC8651088,Synechocystis,PCC6803
NC_000911.1:2837486-2837587(+),ATGAATTTTGTTAGTTATTTGCATTATTCAATATCCCCAAAAATGGGTTAGTCATAGTCTTTAGTCTATTTAAAATAGATTTCCATAGAGAATATTCTAGG,8_PMC8651088,Synechocystis,PCC6803
NC_000911.1:953542-953643(+),AGAGCTGCTTTTCAACAACAACCGAAAATAATTAGAAAATTAACTACGATCAATTGCCGATCTATCTTAATGCTTCCATTTGCCCCAAAATACTGTTTCCA,8_PMC8651088,Synechocystis,PCC6803
NC_000911.1:1743836-1743937(+),TATTGGGTAACATTGCCATCGGTGATAATGTCCGCATTGGGGCGGGGTCAGTGGTGTTACGGGACGTGCCAGCAGATTTTACGGTGGTGGGGGTGCCAGGG,8_PMC8651088,Synechocystis,PCC6803
NC_000911.1:2108652-2108753(-),GCGACATTACCTAGAGTTACCAGAACGGGTGCAGTCCCGCCCCCTACCCCCGGTGCAAATTGTCGATATGCGGGCGGAATTAAAACAGGGCAATCGCTCCA,8_PMC8651088,Synechocystis,PCC6803
NC_000911.1:1149970-1150071(-),AAGGGTGAAAATTGATGTTGACTATGCCATTGCTCAATATGCCCAGGGTCTATTTTTAATGGCCGACGACCGCCATGGATTGGGCTGGTATTCCAGCGATC,8_PMC8651088,Synechocystis,PCC6803
NC_000911.1:577437-577538(-),TCGCTGGTCAGGAGTTGCAGGAGTTGGGCCCGCGGGGTTTGAGTTTAATGAAGTTAAAAAATGGCGATCTCCTCCAGTTTGCCCAATTGGTTACACCAGTT,8_PMC8651088,Synechocystis,PCC6803
NC_000911.1:1466257-1466358(+),TTTCCCAACCCTGGCCCGTATAGCGGTCAAAAGATAACGCTTTCCAAAAACCTGGCGCTTGGGAACGTACCCGCAGAACTAACTGTTTGGTCATTTCCCCC,8_PMC8651088,Synechocystis,PCC6803
NC_000911.1:1310293-1310394(+),TAACATTGCCCGCTCCGATGCCAGTAACCTGTTCCAATTTGGAGCGCTGATTAGCATTAACCTCGCTGTGATTAATATTCTGCCCCTACCTGCTTTGGATG,8_PMC8651088,Synechocystis,PCC6803
NC_000911.1:1019823-1019924(-),TCGCTGATCGACATCGACTAGCACTTCTTTGACTACCCCCAGTTTTTTGCCGCTGCTGCGGGTAATAACTTCGGTGTTAATAAATTCGTTTCTAAGACGGA,8_PMC8651088,Synechocystis,PCC6803
NC_000911.1:691085-691186(-),GAGGCTGTCATTTGTAACAATGCCGATGAAGCCCTGGAATGGTTAAACAAAAATACGGTGCCTGACCTAATTATGCTGGACATCGTTATGCCGGATATTAG,8_PMC8651088,Synechocystis,PCC6803
NC_000911.1:2079365-2079466(+),TCGGCGATCGCCGGGGTATCCCGTTCACTTTGGTACAAAAGCTGGGTGGCTTGATAGCTTAACTGTTGTAGTTCCACCACATGGGAAAGTTTTTCCTGTTC,8_PMC8651088,Synechocystis,PCC6803
NC_000911.1:1230885-1230986(+),GTAAAATTCTAGCCCAGCGGCCAATGGTTCCCCCGCATGCCAACACAGACTAAAGTTGCTAGTGGTAAAAGGGCTAGCAAAAATCGCCTGCATAATTGGTT,8_PMC8651088,Synechocystis,PCC6803
NC_000911.1:1737453-1737554(+),AGCTCGACTGGGTGACGGGCTTCCAATTGACCTGCACATTGCCCTGGGTGACCGCATCGGCCATTTTACTGCGGGACAAACCAAACCCTGCTGAAGCAATG,8_PMC8651088,Synechocystis,PCC6803
NC_000911.1:3086942-3087043(+),AATTTATTGCCGAAGAAATGGGCATTGTGCTGCAAAACACCGCTAGCTCAGTCAACATTAAAGAACGGCTCGATTTTTCCTGTGCCATTTTCGATGCCAAT,8_PMC8651088,Synechocystis,PCC6803
NC_000911.1:1119054-1119155(-),TTCCTTGCCTGCGGTGGAAATTTGCTCCGACAAGTCGGCGGCGGGATAAATTCTTTGCCCCAGGGAAACGTTGAAGTTAGAGACAAAGACAACTTTGAGCC,8_PMC8651088,Synechocystis,PCC6803
NC_000911.1:1444140-1444241(+),TGGGGCGGGGCCGGCCGGGGGCCAATGTGCCCGACAGTTGGCCCAACAAGGTGTCCGAGTCCTGCTAGTGGAGCAACATTCAAATTTTAGCCAAAATAATT,8_PMC8651088,Synechocystis,PCC6803
NC_000911.1:1541055-1541156(-),GCCGGAAGTGGCCACTGCCAAAAGCCAAAGAAATTCGCCATTGATGAAATTACCCGACGGATTTTGAATGCTTACTGGAGGATAGGACCACCAGCCCGCCT,8_PMC8651088,Synechocystis,PCC6803
NC_000911.1:2945395-2945496(-),CGCCATGATTTACGAATTTTTGCGGCACCAATACCCAGAACGGGAATCAGCCCAATTCAGCAAACTCTACCAAACCTGGAATCGAGAAAAGGACCAAGAAA,8_PMC8651088,Synechocystis,PCC6803
NC_000911.1:516086-516187(-),ACAATTGATGGAAAAATTTGCCGATCGCCCGTTGGATCAGTACAAATTAGAAGAGTTGGAAACCCTATGGCAGCAGGCCAAAAAGCAACTTAACCAATAAG,8_PMC8651088,Synechocystis,PCC6803
NC_000911.1:45864-45965(+),TTCTGTGAAACAAAGTGAAGTCTCCTTTGAGCGCATGGCAGTTTTAGTCAACGGTGGTGAATGCCCTTCTCCTAGCACAGTTAATCCCACCTCCTTTCCCC,8_PMC8651088,Synechocystis,PCC6803
NC_000911.1:1237082-1237183(-),AAAGATCTAGATCAAATTCCACTGCTGACCAGTTTTCCGTTTCTTCTCCCAACAGATTGCAACCGGAACGCAAACAATCCCCCAAATCGTAATGGATTAAA,8_PMC8651088,Synechocystis,PCC6803
NC_000911.1:940968-941069(-),CGGGTGGAAAAGGCTGACTCTTTAATAGTGTTGCCCCAACAAGGCGATCGCCTGCTTTTACCCCATCCCATTTTCCGGCCGGGTATAGGTAGGGCAACTTG,8_PMC8651088,Synechocystis,PCC6803
NC_000911.1:287175-287276(-),CATTACTTTGCCAATGTTACCCATCTGGGCCAAGGAAAGGGTGTGGGTACGGTCGTAGGTAACCCCAGCCAGGAAGAAGAGCACAGCGGCGATTAAACCGT,8_PMC8651088,Synechocystis,PCC6803
NC_000911.1:3012780-3012881(+),CTATGAGTTAAAAGATCACAGCCAAGTGTTAGCCACGGGCCGCAGTGTGGGGGCGGCGATCGGCCAGGGTAAAGCCCAGGTAATTCGCAATGTGTCCCAAA,8_PMC8651088,Synechocystis,PCC6803
NC_000911.1:3070595-3070696(+),CATTTTTTCGTCGGTGGTAATTTGTAACTTTTGCTCCGCTGTCAACCAACCCGTTGCATTAATCACAAAACAGCCGGATTCCAAAGCATGATGCCGCATGG,8_PMC8651088,Synechocystis,PCC6803
NC_000911.1:1473747-1473848(+),CACGGCGGCATTGCCTACGGTTTAGACCGGTTAGTGATGTTGTTGGCTAAAGAAGATTCCATTCGGGATGTGATTGCTTTCCCCAAAACCCAACAGGCCAG,8_PMC8651088,Synechocystis,PCC6803
NC_000911.1:2733658-2733759(+),CATTTACTACGAAGGTCGTACCCAATGCTGTGGTTGGCCCATCTCCAGCTATGCTACGCCCCAATCTTTTCAACTGGCCGGCCGGCATTTACAAACGGCGA,8_PMC8651088,Synechocystis,PCC6803
NC_000911.1:609626-609727(-),GGGAAACTTCAGCGGTGCCAAGTATTTCTCCGTTATCTGAATTAACCGCAATGAGGCAATGGTAGGCATTATCGCCATGGCGCATGCGTAGCCTCAGATCT,8_PMC8651088,Synechocystis,PCC6803
NC_000911.1:3133906-3134007(+),AATAACAGAACATTGGGTTCCGGAGCTAAAGCCCGGGCCAGGGCGACCCGTTGTTGTTGGCCACCGGATAGCTGATGGGGATAACGATCGCCCATTTTTTC,8_PMC8651088,Synechocystis,PCC6803
NC_000911.1:2556494-2556595(-),ATTACATTAGCAACCCAATGTTTGTTATTAAGATATACACTTAACTCAGAATAATCATCTGCTTACAATCACTCATTGGAGGTCGGAATTAAATGTCATCT,8_PMC8651088,Synechocystis,PCC6803
NC_000911.1:1825392-1825493(-),TTGTTCCCTTTCCTTCCCCTTGGCCATGGTCAATTTTCGTCGCCGGGCTCTCCAACGTCGTCTGCAAAATGATCCCTACTACCGTTTTCAATCTTGGCAAG,8_PMC8651088,Synechocystis,PCC6803
NC_000911.1:2488914-2489015(-),GGGTGGGGTTTACTTTCCCGGGCATGATCGAAGAACCTGGTTCATTGGCTGGTAAGGCTAATTCCCCCAAGCCGCAGCGGGGCCCAGACCCCATCCAGCGC,8_PMC8651088,Synechocystis,PCC6803
NC_000911.1:1295600-1295701(-),TAAGCATTTTGGGCAGTAGTCAAGATGCTCAGACCTTTAAAAGAGTCGTTAAAGAAATAGAGCGACTTGGCGGGAAAGTAACTGTTGAGCCAGGTGGACAA,8_PMC8651088,Synechocystis,PCC6803
NC_000911.1:2500755-2500856(-),TTTCCACTGCCAAATTGCGCCCCGCCGCCACCGTGGAGACAAATTGCCCGTAGCTGTCGTCAATCAAAGCCTGCAAAATAGACTGTTCCTCCGGCAGCAAT,8_PMC8651088,Synechocystis,PCC6803
NC_000911.1:783011-783112(-),TTGCCAGTGGATATAACTGTGTCCCAGCCAGTCAGATGGTACAAAGATTGAAATTACTTCTGTAAACTGCCACATAGACGCTGACTCCCAAACAGTAAGGC,8_PMC8651088,Synechocystis,PCC6803
NC_000911.1:2852083-2852184(-),AGGACAAATTCAGGGTTACACCCAGTTACAGAGTTTGCCTGGAGTAAAAAATATGCAGCGGGAAATAATGGCCAATATGATTGCAATATCCTACGAGCGCA,8_PMC8651088,Synechocystis,PCC6803
NC_000911.1:623914-624015(-),GTGCCGGTAGTGCGCTTGCTTTTGGTCTGGGGGTTTTTATTTGTAGCCATGGGAGGGCTTGCTTATCGTCTTTACCGGCTCCAGGTGGTGGAAGCTAACCA,8_PMC8651088,Synechocystis,PCC6803
NC_000911.1:1572964-1573065(+),ACAAGCGGTGGCCATAGAGGAGTCAAAATGCACCGATTGCGTTGAAGGTAGGGGGACAGGAATTGTTCGGGGGGAAAGTTTTGCCCAGGTTGAAACGGTTC,8_PMC8651088,Synechocystis,PCC6803
NC_000911.1:203508-203609(-),ACGCTTTTGATCAGAGTCAGAAAGTCCTGGCACCGGCTGGGGGGCACCGATGCGCACATCCACCGCTGTTTCTATATGGTCATCCGCCTCTCCTGACCCCG,8_PMC8651088,Synechocystis,PCC6803
NC_000911.1:409144-409245(-),GATCCCGTAACCGGTGGTTTTATTTTCGTCAAGGAAGTTAATCCCCAAGGCATTTTCCAAACCACCATTGATTTCGGTGCCGGTACAGCCAGCAATGGTTC,8_PMC8651088,Synechocystis,PCC6803
NC_000911.1:2653375-2653476(-),ACTATTGCCATGGGGCGCTTCAAACACGGGGGAGAGGATGCCACAGGGGTTATAACCCGTTTCCATGCCTGTTAACTGTTCCAGTTTTTCCACCCATTCCC,8_PMC8651088,Synechocystis,PCC6803
NC_000911.1:3558624-3558725(-),GGTGGGTTCCGGGCTAGGGGTTGCTGGAGTGGGAATAGGGCTAGGAGTTTCAAATAAATTGGGTCTAGGCTCCAGGGAGGGCAGGGGAATGGGCGTTTCCT,8_PMC8651088,Synechocystis,PCC6803
NC_000911.1:3276609-3276710(-),TGTTGGGGGATGAGCTATTTTTTAGAGCTGTCCATACTTTTGTGAATGACCATGCCCATGGCACTGTGGAAACTGTGGACTTACTGCGGGCCATTGAAAAG,8_PMC8651088,Synechocystis,PCC6803
NC_000911.1:763269-763370(+),TCCGGAGATAATCGGATTTTTGAAATCCTTACCCTTACCCAATGGGACTAATCGATCCAGATGCGCTCTTCCCAATCCTTTTCTGCAGTGGATTTAGCGCC,8_PMC8651088,Synechocystis,PCC6803
NC_000911.1:500457-500558(-),TGTTTTTTAGCCTGGTCAAATTGCTGTTTTGTTTCTTCATATTCTCCCTGTAAAGTATCAATCTGAATTAATAACTGCTCCAAACCACCTTTTTTTGCCAG,8_PMC8651088,Synechocystis,PCC6803
NC_000911.1:3515413-3515514(-),TTTACCGCTATCTTTACCCTTTCCAGGAAGATCCCCTGTTGTGGGTGCATTTAAACACCGATTATCCCTTCTTGCTCAATGGTATTCTCTATTTTCCCAAA,8_PMC8651088,Synechocystis,PCC6803
NC_000911.1:1559175-1559276(-),TGTTTACCTAGATGACACCGGCACGGCGATCGCCGAGAGCATTGGAGAGCAACCGTTGAGGGTGTTGGAGCAAAATATCACTGCCCTGGTAGCCCACGAAC,8_PMC8651088,Synechocystis,PCC6803
NC_000911.1:1470658-1470759(-),AAGGGAGCTAAAAACCTGAACCGCTTCTGCGCCAACTTTTAAGGCAGTGGCGATCGTGGTCGTAGCCCGTAGGACATCAATAACCACGGCACAGTCAGGCA,8_PMC8651088,Synechocystis,PCC6803
NC_000911.1:3419428-3419529(-),TCAGGCTAAAAAGTATTGCAACATACATAGCCGGTAAACAAAGGAAGAGAAAATGGATTGGGAACTGTGCCAAAGATATCAAAGATAGCAAAAGTGATCAA,8_PMC8651088,Synechocystis,PCC6803
NC_000911.1:3141146-3141247(-),TTATTCTTCCCCGGATTTGATCCCCGACCAGAGTTGGCGCAATCACATTGATTATTTGTGGAACCGTAACGCCATTGTGCGTATTTTGGGGGAATTACCCG,8_PMC8651088,Synechocystis,PCC6803
NC_000911.1:791042-791143(-),ATGCTCCCCATATGTCCCATGTGGTTATGGGCCATCTGCTGACCGGCATTATCCCTAGAAATGGTTGGATCCAAACCGCCCAGGTTGTTGTACACCTCAAA,8_PMC8651088,Synechocystis,PCC6803
NC_000911.1:3194446-3194547(-),GGGCAATAGAGCCAGCCTGAGCACCTCGGAATCTTGGTGTTGTTCCTGCTCGTAAGCTTTGAGTTGGGCTTCCTGTCGCCAACCGTTCACCATTTCCAAAG,8_PMC8651088,Synechocystis,PCC6803
NC_000911.1:862218-862319(-),CAGCCAGTTGGGCCAAGGTAGTCGCTTTGAAGTGGAACTACCCCTCTGGTACAGTTAGGTGACCATTGTCGTGGCGTCCCCAAACTGTTAGAATAACAATT,8_PMC8651088,Synechocystis,PCC6803
NC_000911.1:293362-293463(+),GAAATCCCTGGGGTTAATCAAATTAACGCTGGCGATCGCCTTTTCGAGGGCTTTACCTAGAAGGCCAGATTGCAGGGGAGAAGTAAAAAAATCAGGAAACA,8_PMC8651088,Synechocystis,PCC6803
NC_000911.1:1646437-1646538(+),TTTTTCAACTGGTTTAACCGGGTACTAGACATTATCAAAAACGGTTATGGCAATGTGTTGGGCAAATTAGTCAATCTGCGGGCATGGGTAATTGGCGTATT,8_PMC8651088,Synechocystis,PCC6803
NC_000911.1:1871955-1872056(-),CGGAGAAAAAATACTAAGGCAAGCTAAGGCCTGTATTTTGGAAATTTCCTTAGATGGACTGTATAAGGGGCAATGCCAATTCCGGGATATTTTTCCCCTAT,8_PMC8651088,Synechocystis,PCC6803
NC_000911.1:3285305-3285406(-),GCGTAAAAAATAACATCCCCTATTGCCTAGCTGGTTCCATCCGGGATGACGGCCCCCTGCCCGACACGGAAATGAACCTAGTTCGGGCTCAGAGCCGTTAC,8_PMC8651088,Synechocystis,PCC6803
NC_000911.1:731297-731398(+),AGCAAATTTGCCTAGCTATTTTTAAAAAGCGCTCTACTTTGAGGGGACGGTATTTAATCACGTCACTAATTGTTTTCCCCTTGGAGGTATTCCATCACGTA,8_PMC8651088,Synechocystis,PCC6803
NC_000911.1:2439616-2439717(-),TTTTGGGCTTCGGCCATATTCAAAACAATTAAATAGGTCCCAGCAAAGGAACTGGTGGCAATGGTTTCTTCGTGGTTATATTTGCCGTGGATGATGGAAGT,8_PMC8651088,Synechocystis,PCC6803
NC_000911.1:263458-263559(+),TGGGGACTGGAGGCCATGTTTGAGGAAGTGCGGGGTGTTAAGGATGTGCAAACCGGCTACAGCGGCGGCACTGAAGCCACGGCCAACTATGCCAGGGTGAG,8_PMC8651088,Synechocystis,PCC6803
NC_000911.1:2320118-2320219(-),TTAGTGCCGACGGCCAATTCATTGTTACCGCGTCGGATGACAATACTGCAGGCATCTGGGAAATTGTCGGCCGGGAGGTGGGCATATGCCGGGGCCATGAA,8_PMC8651088,Synechocystis,PCC6803
NC_000911.1:1081661-1081762(+),TAAACAGTGACCAGCCAACTTCTAGCAACCTTTAAAGTTGGTGCCTGATGGTTTCCCAAACTGACAAAGCAATCATCCTCGCCCCGGGTTAGGGAATTTAC,8_PMC8651088,Synechocystis,PCC6803
NC_000911.1:2254168-2254269(+),CAAAATCGTACTGCTAGCTTGACCCTCGACGTGGGGGGCATGAAATGTGCCGGTTGTGTGGCGGCGGTGGAAAGACAATTGGATCAACTAACGGGAGTGAC,8_PMC8651088,Synechocystis,PCC6803
NC_000911.1:1599668-1599769(-),ATTTATAGCCTCAACTTATAGCCTCAACAACGTCCCCTGGGTTAGGCAGGAAATAAATTGGTTGAGGAGGCCATAGCCTTCCTCCCCGCTTCAGAACAGTG,8_PMC8651088,Synechocystis,PCC6803
NC_000911.1:3097719-3097820(+),AATAAACAGAAAAAAAAAAGAACTACGTTATCGAGAAAGAAACCGGGAGGAACGAGTTAAGTACTATAGAATGTTAAGAGAACTAATTAAGCTCTATGGTA,8_PMC8651088,Synechocystis,PCC6803
NC_000911.1:1394543-1394644(+),GACTGGAATAGATTCCGTGTTAACCGCTTGGCTGGTGGGAATTTGCACAAACCGCAAGGTAATGTCACTGGGGCTAAGGTCCAGGGCAGTGGCTAACTTGT,8_PMC8651088,Synechocystis,PCC6803
NC_000911.1:1454626-1454727(+),TTCTCTTTACCAGTTGAAGTGGAACTAAAATCACAAGAGATAGAAAGCTCTTGGCGATACGGATGCCTGATCGTAAGCACTCCAAACTCAAACAGTTTGCG,8_PMC8651088,Synechocystis,PCC6803
NC_000911.1:670389-670490(-),AGACCGATCGCCCCGGAAATTGTGCGATTAATCAAATTAGGCAGTCAGGCCACGGCCAAGGATTTTCAGGCGTTACAGGGTAAGTTTGACGAATTTTCTCA,8_PMC8651088,Synechocystis,PCC6803
NC_000911.1:2504256-2504357(-),CAGAGAGACTAGATTCGTGGTGTCGTTTCTGGGTCTAACTGACGGCAAGGCCATGGTCGTCAACAATCCCCGTATTCTACCCCAATACCTGAAGCCCAGAA,8_PMC8651088,Synechocystis,PCC6803
NC_000911.1:10852-10953(+),GCTGTCAGTTTTGGTCTGGTCAATCCCTTGGTTTGCCAATACTAAACCCAACTCCTCTAAATCTTGAATTAATTGTTGATTACCGGGGTTCCTGAACCAAT,8_PMC8651088,Synechocystis,PCC6803
NC_000911.1:2749395-2749496(+),GCTGTTTTCCCAATCCTTTGCAACATCTTTTCCATTGCTTTGTGGCGGAACAGAAACCCCAGGGTACCATCGGTGGCTTTGTGCAGGTGGCCCCATTCAAT,8_PMC8651088,Synechocystis,PCC6803
NC_000911.1:545219-545320(-),TCTAAATCAAAATTACTCGACAGCCAATCTGCCAATGTTGGAGGTAGTTGAGCATCAACCCAAATATTCATGCCGTCAACCGGGAAAAATCAGTCCGCCGT,8_PMC8651088,Synechocystis,PCC6803
NC_000911.1:245041-245142(+),AACTCCTGCATCGCTTTTAAGCCCAAAGGGGTGGCCGCATTACCTAGTCCCAAAATATTGGCGGACATATTCAACACAATGGAACCGATCGCCGGATGCTC,8_PMC8651088,Synechocystis,PCC6803
NC_000911.1:568348-568449(-),TTGGAGGCAATCAACCATGCCGGGCATTTGCCCCATACCAGACTAATGGTGATTCTCAATGACAATGAGATGTCCATTTCCCCCAACGTGGGAGCCATTTC,8_PMC8651088,Synechocystis,PCC6803
NC_000911.1:845248-845349(+),CTGTGAGACTGGAATCTTTACCCCGGTTTCTGTTGGGCCATAATGGTCGGGTAATCCGTCGCGACCTGAGGCAAGGGAATTTAACCCCAGCGGAACAGCAG,8_PMC8651088,Synechocystis,PCC6803
NC_000911.1:2427047-2427148(-),CAAGTGCCCGTGGTGGAGAATGACAATCCCCAAGAGTTGCCCAAACCGACTTTGGTGCTGGATAACCAGGGATTTCAGAACAATCAATTCGACGTAAGCGA,8_PMC8651088,Synechocystis,PCC6803
NC_000911.1:1541142-1541243(+),TGGCCACTTCCGGCATTTCTTCCATTATGGGGGGGGTTAACTTTGTCACCACCGTTTGGAAATTGCGGGCACCGGGGCTAACCCTGTTAAAAATGCCCGTT,8_PMC8651088,Synechocystis,PCC6803
NC_000911.1:1580558-1580659(-),AAGCTTATGTAGCAAGGGAGTTGGGGATTAGTCAGGCTAGTGTGTATAGAATAATTAACTTATGTAGCGCTTAGCTCTCCTTAATTTCATAATAAATTTAT,8_PMC8651088,Synechocystis,PCC6803
NC_000911.1:2074285-2074386(-),TTAGCTGTGGTTACATCCCCTGTGTGGTAATCAATGCGGGCAATTTCCCCAAACCATTGGGAACCAAGGATTTCCGCCGGTCGTTGCAGAGCCATATAGGT,8_PMC8651088,Synechocystis,PCC6803
NC_000911.1:1750696-1750797(+),TAATTCAATAAATCCGCCATCTCCTGGGGATTGGGTTCAAACTGGGGCATGGGAGGAGTTTGACCACTCACCACCTGATGAATGATGTGGCTCTGGGACCG,8_PMC8651088,Synechocystis,PCC6803
NC_000911.1:930398-930499(+),TAATTTTTTCTGCGGCAATGCCCGCCATCCAAACCGTAGCCCAACGTTCCAGAGCTTGGGGGCGGAGGTGCCAATCCCGACACTGATTTTCTAGATTGGTC,8_PMC8651088,Synechocystis,PCC6803
NC_000911.1:3032404-3032505(+),GCATGGTGATTCAAGTTCTGAAAAAGCAGCTTGGCTCAGTTGTGTTAATACTAACCAAGAAAAGATGCAAAAATAGGCGGAACACGCCCCAATGAATTACT,8_PMC8651088,Synechocystis,PCC6803
NC_000911.1:459089-459190(-),GTTATTTTAAAGACTGCAAGCAATGTTAAGGCCCCAGGGAACAGGCAAAAGTAACCCTTCTAGCAGATCGTTGGCATCCAGCCCAAGTTCCATCTCCCTCG,8_PMC8651088,Synechocystis,PCC6803
NC_000911.1:3133741-3133842(-),ATCCTTTCTGGCTATAAAGGATTCACCCTTTTCGTCAGCCATAACCTGGAAGAAGCCTATCGGATTTGTCAGAAATTACTCGTACTAAGCCAAGGTAAATT,8_PMC8651088,Synechocystis,PCC6803
NC_000911.1:2441714-2441815(-),AATATTCATAATCCTTGCTTAAACGACGATAGCGACCAAACCAAGCAAAGGTGCGCTCGACTACCCAACGGCGGGGTAAGACTTCAAAACCTTTTTGTCCC,8_PMC8651088,Synechocystis,PCC6803
NC_000911.1:765441-765542(+),GTGGTCAGCCACCAAATACAAAAAGCGGCGATCGCCACCACAATTACTGTGGGGACAAACCAGTGGGTGATGCGGTCAACAAAGTGCTGGATGGGAGCTTT,8_PMC8651088,Synechocystis,PCC6803
NC_000911.1:2987549-2987650(-),CGTCAGTTCGGCTGGAGTAACCCGTCCCGATCGCCCAGGGTTGAATTTGGACGAAGAACCACCGGCGGTGCGTCTCAATGACCAATTGGGAGGCATTTTGA,8_PMC8651088,Synechocystis,PCC6803
NC_000911.1:510805-510906(-),AAGCCCAAATGCCTTCATCTTCCCGGTCCAAACTGGCAATGTTTACCAGGGTGGCGATCGCCTCTTCGGCGCTTGGGGGCTGGCCAATGACATGGAGACCA,8_PMC8651088,Synechocystis,PCC6803
NC_000911.1:3290238-3290339(+),CAATTTCCCCCATGCACCAACGGGCAGTCATATTCATTAGGGCCACATCTGGCTCCCTAAAATCATGGGGAGAAAAGTCTAGGGCCGCCAAGGTTCCGAGA,8_PMC8651088,Synechocystis,PCC6803
NC_000911.1:1601925-1602026(-),GTGTTAGGTTGACCCGACGAGCGCACGTTACGGCTACCCTTGCCACCGGTATTCATTACCGTGTATCCTTTGGCACCGGATTCGTCGATGATTTTGGCAAT,8_PMC8651088,Synechocystis,PCC6803
NC_000911.1:3149833-3149934(-),ATGGAGGTAGACCCTGTCAGTCGAGGGGACTTGACCATCCGAGCCCACGTGACCGAGGACGAAATTGGCACGATCGCCGACTCCTACAACGCAACTATTGA,8_PMC8651088,Synechocystis,PCC6803
NC_000911.1:1396483-1396584(+),AAATGGCCACTTCCAAAAAGGTAGGGGTAATGACCCCAAAAAAGCCGAGCACCACTTGGAGAAGCATCACCACCACTAGTCCAATCAAGGCTAAGCTGACG,8_PMC8651088,Synechocystis,PCC6803
NC_000911.1:13783-13884(-),ACTACCATCGCCACCAATAAATGTGGCCAGAACCACCGCTAAGGACGCACCCACATTAACCCCCAGAATATCGGGAGCTGCCAGAGGATTACGGGTTAAAC,8_PMC8651088,Synechocystis,PCC6803
NC_000911.1:2505369-2505470(+),GTCGGCTGATTGGGCACGAATTTATCCAGGTATTTGAAGAAGAGTCCAACCGTCTTGGGCCCTTTGATTACTTGGCCCAGGGAACCCTTTATCCCGACGTA,8_PMC8651088,Synechocystis,PCC6803
NC_000911.1:1521676-1521777(-),ACGCATGGTGGAACAAATTTTGGCTGACTTTGACCAAGCTTACGGCTTCAAATCAGTTATTTTTCGCTACTTTAATGCTTCCGGCGCAGACCCCCAAGGAC,8_PMC8651088,Synechocystis,PCC6803
NC_000911.1:1159388-1159489(+),ACCCCCGCTGTGCCCATTAGTCGTCCTGCTGGCGAACCAATTTGCTTTACGGCGATCGCCCCTACGGATGCCATGGCCACGGTGACCTTGGCGGGCCAAAC,8_PMC8651088,Synechocystis,PCC6803
NC_000911.1:2500107-2500208(+),GAAGCAGCGGAAACCATGATGGTAGAGGATCCTAATTTAGAGGCGCATCCTGATTTAAAAATAAAATTAGTCCAAAGATATGAAAAGTTATTAGGGGGAGA,8_PMC8651088,Synechocystis,PCC6803
NC_000911.1:2452834-2452935(+),CGTACTCCCCAGGCGGGATACTTAACGCGTTAGCTTCGGCACGGCTCGGGTCGATACAAGCCACGCCTAGTATCCATCGTTTACGGCTAGGACTACAGGGG,8_PMC8651088,Synechocystis,PCC6803
NC_000911.1:745540-745641(+),AGGGATTTCGTTTGCCCAAGGTGCAGGCAGATTTAGTCCTCATTAGCTCCCAACTGTGGGATGAAGGGGCAGCGGAGAATTTACCGGGAAACCCGAGAATT,8_PMC8651088,Synechocystis,PCC6803
NC_000911.1:1644028-1644129(-),GATGGTTCACCCCCGTTTTGCCGCCAATGGAAGCATCCACCATGGCTAGCAAGGAAGTGGGTACCTGAACAAAATTAATGCCCCGGAGCCAAGTGGCCGCC,8_PMC8651088,Synechocystis,PCC6803
NC_000911.1:3018145-3018246(+),TGTTGATTTTAGTTTTGACCGGATATCAAATTATTCCTGCAGTTAATTTTTAAACAAAATGGTTCAACAATTAGAACGTAGTCAGCAAAAATTAAAAATTA,8_PMC8651088,Synechocystis,PCC6803
NC_000911.1:3345121-3345222(-),AACTCCAGCCTCTTCTGATACGGCCGCTAACCTCATGCCTCCGGCTAATTCTAGTGGCAATACCACCACCACCATTCCAGTGGCCAATCCCGAAGCCCCGC,8_PMC8651088,Synechocystis,PCC6803
NC_000911.1:2439692-2439793(-),ACCAGCGGAATGGGCATTGGCGAAATAGTCTAAAAATTCCTGGCGATCGCCACCGTGGAGAATATAATCACAAACCTTTTGGGCTTCGGCCATATTCAAAA,8_PMC8651088,Synechocystis,PCC6803
NC_000911.1:2936557-2936658(+),TAGGTAAACAGCGCATCAAAATCAAACCGGGATTGGTCGTAGCTGTAATAGGGAGTAAATCTTTGGTAAAAATCCGGCTCTGGTTGGGGTTGGGGCTCGGT,8_PMC8651088,Synechocystis,PCC6803
NC_000911.1:2290219-2290320(+),TGATCAGGGCGGACCTATTTTTATCAACGGTAAAAAAGCTCAGTTAATTGTTAAAAAGCCTGCATATTATGAGGCGAAATTGTCCCAAGGTGCTAATTCTG,8_PMC8651088,Synechocystis,PCC6803
NC_000911.1:1732223-1732324(+),CCGATAGTCCAGCCGAAATTATTGTCAATGCTTTGACGGCGGTGAACGAAATTCGCGCCGAGGGAAAAACACCGGTAATTTACACCAGTCGAGGGGAATTA,8_PMC8651088,Synechocystis,PCC6803
NC_000911.1:1569737-1569838(+),GGCCAAGCAGAAATCACTGGCATGATGATCGAAATTGCCCCCGGTGCCGAAACGGGTTGGCATTCCCATCCAGTGCCCTCCTTTGGCATTTTGCTGGAAGG,8_PMC8651088,Synechocystis,PCC6803
NC_000911.1:3433572-3433673(+),AGGGGCGATTGTTGCCGATTATTTTGCTCGAACCCAGTCCTTCTGCCCTAGCCAAAACCACCGACGAACACCCCACCATTGTCTATCACAACGCTGAAATT,8_PMC8651088,Synechocystis,PCC6803
NC_000911.1:1822899-1823000(-),GTCAGGATTTGAGTATTTACCCCAGCTTTTATGGGGAGGCGGCCATTGGCTTTTCCCAGATAATTAAAGAACATTTGGAAGAACAACAAACGGAAGCCCGG,8_PMC8651088,Synechocystis,PCC6803
NC_000911.1:2327152-2327253(-),ATATTATTTCTCTAAAAACTCCTACATCCCTTTTTTTGCTTGCCTTTGAGAATGTAGATATATCGACTGTCTCTCCTCGTAAGTTCAGTCTTTTAAACATA,8_PMC8651088,Synechocystis,PCC6803
NC_000911.1:558089-558190(-),GGATTCCTGTACAATCGCCGCCGCTTCCGGATCTTCTTTGTTCAACAAATGACTACCCCGATGAAAGAGCGTAACTTGCGCCCCCAATCGTTGAAAAGCTT,8_PMC8651088,Synechocystis,PCC6803
NC_000911.1:3362053-3362154(+),CTGATGGTTACTGCCATGAGTCCTGCTAAGCTGACCGACACCGATAAACAAGAGTTGGTGGACCTCTACCGGCAAACCCCCGCCACCACCACCACCCTGGC,8_PMC8651088,Synechocystis,PCC6803
NC_000911.1:2445918-2446019(-),CCCGCACAATCAAAGTCATAATTCCCCAGTGGATCAGGATTTCCTCGGTGATGCCTCCGTAGATGATTCTGACAGCTATGGGAGGTAATAGGAGAGCTTGG,8_PMC8651088,Synechocystis,PCC6803
NC_000911.1:1893528-1893629(-),AAATTCCGGGTTTACCTTGATTGGTGCCAAAGAGTTCTTGACCACTGGCGGATAGCAGAGCACAGTTGACCTTCACCATCACCGACCGTTGGGCTTGGGCT,8_PMC8651088,Synechocystis,PCC6803
NC_000911.1:749850-749951(-),TAAACAGACGTATAAACTGATTAAATCCGTAGATAAAAAAGCAGCATTGAGACTAACGTGGAGTACCATTAATTGGACATAAAAAAAGGTTGTCCTTGGGG,8_PMC8651088,Synechocystis,PCC6803
NC_000911.1:364416-364517(+),CATTATGGCCATGCAAGAGTTGATCTGGTCAATTCAGCCAGATTTAATCATCGAAACGGGCATTGCCCACGGTGGATCGCTGATTTTTTCGGCTTCCATGT,8_PMC8651088,Synechocystis,PCC6803
NC_000911.1:689350-689451(+),GCCAAAGGAGCAGGAATAGGTTGCCTTTCGCTGTAGAGTCGAGCCGCTTGAATAATAGCCAGGTTATCGGATTGACCCCGAAAACCAAAACTCATCTGGTC,8_PMC8651088,Synechocystis,PCC6803
NC_000911.1:222874-222975(-),GGTTTTTGAGATTAAGGTCTAAAGCGGGGAAATTAGTCAGCAGGGCTTCTACCGCCGCCCCGTGGCCCCGATGGCAAGCCCACATCAGGGCAGTAGATCCG,8_PMC8651088,Synechocystis,PCC6803
NC_000911.1:1020405-1020506(-),GGTATCTTGCCAATCGTCCTCGTTCCAACGCTCTTCCAACACGGGCTCCGGTTGACGGACTTGTACCGGTGGCCGCACGGGGATGCCACTGCCCAATTGAT,8_PMC8651088,Synechocystis,PCC6803
NC_000911.1:3178073-3178174(-),CTTGATGTTAACCTAATTTTTATCAAATTTTTTTAGCTTGATAGTATCTAATTAAATTTTTACCAAGCCAACTTAAATTTAACTAACTTTACATAAGTCTT,8_PMC8651088,Synechocystis,PCC6803
NC_000911.1:1777142-1777243(+),ACTGTGGACTGGTTCATCAGGGAGGGATCTGGGCGATCGTCCCCCGGCAAGACAAATAATTTCAGATCTGGTTTGGTTACCGTTAGTTCCCCCAATACTTC,8_PMC8651088,Synechocystis,PCC6803
NC_000911.1:3051274-3051375(-),ACCGGCTCATAAAATTCTCCATACTGCACAAACACTAATTGTTTATCCCCCCCATCTACCAACGCCGTCGCCGGAATATAAACCCCCGCACTACCATCTGG,8_PMC8651088,Synechocystis,PCC6803
NC_000911.1:2155454-2155555(+),AAAAAGTCAGGGAACTCAAGCTAGTCAAATTGCCCTTAGATGCAAGGTAGAAAAAAATGCCGTAGGCAATGGCACTGCCAAACACTGTTGCATAGGCGAGA,8_PMC8651088,Synechocystis,PCC6803
NC_000911.1:3190374-3190475(+),CGCCATCATGATTTGGCTCTACACCGGCTTTTGTATGGTTATTCTTTCCGCCGCAGTGAAAGGCATTCCCGCTGATGTCATTGAGGCGGCTAGGATTGACG,8_PMC8651088,Synechocystis,PCC6803
NC_000911.1:2409494-2409595(-),GCCCCAGCCCCCGGATCGCCCTAGATTGGCTAATGGTTATGGGCTTGACCTATGGTACTGAAACTGAAACGGGGGACTTGGTTGCTCTGGACAGTGGCCTT,8_PMC8651088,Synechocystis,PCC6803
NC_000911.1:3528881-3528982(-),GGGGAGGGGGTAAAGGAGGGGTGGGGGCCTGACGGATAGGTTGAATGGCAATGGTGGGCAGTGGCTGCCCTGAAGGCACGGATTGGGGAGGGGTAATGGCA,8_PMC8651088,Synechocystis,PCC6803
NC_000911.1:1161126-1161227(-),GACCAAATTTATCGCCATGGGGAACGGTGTTATCCGGAGGAATGTTGTGGTCTTTTACTGGGGAAAATATTAATTGGAGAAAATGGTCATCGCCATTGGCA,8_PMC8651088,Synechocystis,PCC6803
NC_000911.1:3499967-3500068(-),GTGGCCAGGTTACCTTTGAGCACTGCCAGGTGACCTTCTTGATAAACAGGGTCATCCCAGGAATGGATTACGTCCTGGCCGGCAGGGGGTTGGTCAGGAAT,8_PMC8651088,Synechocystis,PCC6803
NC_000911.1:3423320-3423421(+),TTCTCATGTTAGGGGTAATTGCGATTACGACTCCCATCTGTGCGGTGTTGCCCAATGCCACCACCGTTATGTTGTTAGCGCCCTTAATTCCCCCCTTAGCC,8_PMC8651088,Synechocystis,PCC6803
NC_000911.1:3542169-3542270(+),CCCAGGGCCAATAAAATTAAACCATTTAATAGTCCATGAACAATCAAACCAGACTCGGGCAAATCCCCCGACAGGGAAATTTGACGAATACTGTCAATGAT,8_PMC8651088,Synechocystis,PCC6803
NC_000911.1:1746703-1746804(+),ACCAACAAAATTGAGGTTGATAACGCCTGGGATCCCTGGAGTGTGGAAGCTTTCCAAGCCAGCCCGGCGATCGTCCGGCTTTTTTATCGGGCCATCCGGGG,8_PMC8651088,Synechocystis,PCC6803
NC_000911.1:1902966-1903067(-),TTATCGCTATTTTCCTGAACCGGACTTGCCCCCCTTAGAAGTGTCCGAGCAACAGAAACAAACTTGGTTTGCAACCTTGCCGGAACTCCCCAGTGCCAAAC,8_PMC8651088,Synechocystis,PCC6803
NC_000911.1:3146632-3146733(+),GGGCCAAAAGTTCGGTACTTGCTTCCCCTCCCCGTTGGCGATCGCCATTTTCCAACACTTGCTGAGTAGCAACTTGCCAGTCTGCCAAAGCCTGATTAGCA,8_PMC8651088,Synechocystis,PCC6803
NC_000911.1:3151100-3151201(+),CGGCTAGAGGTTGGTCGAGGTTCCGGTGGGAATGCTTAGCTTTCAAGGCCAGGGCGGTTTGAGCTTTGGTATTTTCCCCCACCATCCAGTAGGCAACGAAG,8_PMC8651088,Synechocystis,PCC6803
NC_000911.1:1124929-1125030(-),ATTGCGGAACTACGTACTAGATTAGGTTGGTTCAAAGGGACGAGGCGATCGCCAATGGTGGAGCCCCAGTTAAATAATCTGCGTATCACCCTGGACAATCT,8_PMC8651088,Synechocystis,PCC6803
NC_000911.1:2939411-2939512(-),GGCCCGTTATTTGGGCATGGACATCGGCCCCATGTTGCGGAAACGGTTTGCCGATGGAGAACTCTACATTCAAATCCAGGAATCCATTCGGGGCGGTGACG,8_PMC8651088,Synechocystis,PCC6803
NC_000911.1:2584400-2584501(+),TAAATTATGAAAATAAATTAGATCGTTGCCCAGAAAACATTAATCGGCTGATTGCCGACGGAGAAAAACAGGGAAAGAAATTTATCCAAACGAGACTCCAA,8_PMC8651088,Synechocystis,PCC6803
NC_000911.1:2377681-2377782(+),CGGTTTTTTGGTCTTTTTTTTGCTCCCATGTCTATTCCCCCTAGTGCTCTGGCTGATGTAGCCCACTATCTTGAAGAACAGGATGAGGGGCAAAGGATAAA,8_PMC8651088,Synechocystis,PCC6803
NC_000911.1:1953870-1953971(-),TGAAACAGCCATGGTTAAAGCCTTTGCCCTGGGCTAAGGCCACTTCGAGCAAATGGGTGCCTTCCAGCAAAAGTTGACCCTGTTGTTTCCGTCCCTTGGTT,8_PMC8651088,Synechocystis,PCC6803
NC_000911.1:2954800-2954901(+),GGGTAGCGATGAATCCAATTTTGCTCAAACCCCAGGGGGATATGACTTCCCAGGTGATTATGTTGGGCCAGGCCGTAGGTACAACCAGGGCCCAGGAATAT,8_PMC8651088,Synechocystis,PCC6803
NC_000911.1:2856099-2856200(+),AATGGTCTTGGATCAAGATGCTTTCCGTTAGGGGAAAATATCCTTCAAATTTGCCCCGGTTCAAGATTTTCCCAGTTCTTGAGCATAGGCTAAAGCTTCCT,8_PMC8651088,Synechocystis,PCC6803
NC_000911.1:2780324-2780425(+),TTATCAGTGGGATAAGGGTTATTTTCAAGAAGAAATCCAACGCCGGGTTGATAGCCAGTTAGCAGAAGGAGCTTCCCTATCTGAAGCCTGGTCCACCATCC,8_PMC8651088,Synechocystis,PCC6803
NC_000911.1:1377545-1377646(-),CTTCAATAGCTTGCTCATCAAGAGCTTCAGATGTAATGATGTTAAAACCTTCATTTGTTAGCCATTTATCAAAGAATAAAGGCTTAAATCTATAGTTTTCA,8_PMC8651088,Synechocystis,PCC6803
NC_000911.1:449070-449171(-),CAGCACTGTCTGGCCAGCGGCTTTAGGGTTGACTCGGTCAGTGTAAATCCAGCCTTGATTGGGCTTGGGGGTTGTTGATGGCAATATTTTTCAGCTCCTTG,8_PMC8651088,Synechocystis,PCC6803
NC_000911.1:2366783-2366884(-),TTTCCTTGACCATGTTGGCCGTGTCTAGGGCATTGGTACCGGGCAGTTGATAGATAACAAATGCCACTGCCGGGGCGTTATTGAACAGGGCAGTTTGAATA,8_PMC8651088,Synechocystis,PCC6803
NC_000911.1:3544147-3544248(-),GACATTATTGACGGGAAAGCAGGGACAGTGGTGATGCCCTAAATTTCGTCCCAACCGGATACCCCAGAAGACATCACATAACTAGTCACCGTTGCTTCAAA,8_PMC8651088,Synechocystis,PCC6803
NC_000911.1:3353840-3353941(-),AACTGCCCTCCGGTACTTTTGGTGTCGTACCACTGATCTTGCCAAATGCCGTTGACGAGTAAGCCCATAATGTCCCTGCGGTGAAGATTGCCTTTGTCTCA,8_PMC8651088,Synechocystis,PCC6803
NC_000911.1:3391613-3391714(+),TAGGCCAAAGATCTTAGGTTAATCAGACGAATTACATAGGAGGCAGAATTACTTGGTCAATGACATGGATTACACCGTTGCTGGCATCCACATCGGCGGAA,8_PMC8651088,Synechocystis,PCC6803
NC_000911.1:2872118-2872219(+),TTTTCTGTTCTATTTCTGAAGCATTGCAGGAACATCCCGACCTGGTGCAAAAATATTTGGGCAGTGTGGTGCCCACCGCCGACAACTTCTTTGCCGCCTTA,8_PMC8651088,Synechocystis,PCC6803
NC_000911.1:693579-693680(-),GTAGTGAAGTGGGCATTACCCCCAGTCGCCATGCTAGTTTGGGGCTGGATTTGTATTCCCAGGCCACCTCCCCTATCCGTCGTTACACTGATCTGATTACC,8_PMC8651088,Synechocystis,PCC6803
NC_000911.1:3123704-3123805(-),CGTTGCCACCAATAGGGCTACAAATATTTGGAAAGCCTGTTTGAAGGATTGTTCTAGGGCTTCTGGGGTAGTACTAGCTTGGCCTCGCCGAATTTCTTTGT,8_PMC8651088,Synechocystis,PCC6803
NC_000911.1:3180042-3180143(+),AATCAGGCGAAATGACCAAGGCAGGCTAAGGATCGACCCAATCAGACCATAAAAAGGAATAAACCAACTACTTTGTAAAAGAAAATCGGACATTGAGCTTG,8_PMC8651088,Synechocystis,PCC6803
NC_000911.1:1033676-1033777(-),TCGCCAATACCGAAGTTAATGCGGGATTCTCCCTCTCCAGTAAAGCCTAGGTCAATGCGGATGGGCCCTACGGGGGACTGGATTCTTACCCCTAAACCGTA,8_PMC8651088,Synechocystis,PCC6803
NC_000911.1:3278259-3278360(+),GCAATCCGTGCCCCGGAAGTCGCTGGAAACCAATTCCAAATCGGTGTATTCCAACACTCCTTTAAGGCTGGTGTTGGCTGCTTCTTTGAGCACTCCGTTAA,8_PMC8651088,Synechocystis,PCC6803
NC_000911.1:3464657-3464758(+),TGTTTAATCTCATCCACTGGGCGCTCCAGCATGCCCCGCACATAGGCCCGCAACACGGCCAATTCGGTGGCATCAATGGGATCGCTGTGGACAAAGTCTTG,8_PMC8651088,Synechocystis,PCC6803
NC_000911.1:2421253-2421354(+),CAATGGGTTGGGGGAGGGTATGCCGCCTTTATGCCTCCCGGAGTCTGGACAAGTTTTGGCCAAGCCCTGAGCGCCCCTGTAGGTCGTATTCATTGGGCCGG,8_PMC8651088,Synechocystis,PCC6803
NC_000911.1:3511577-3511678(-),TAGAAGAGCGATATCGTTTTAAGACTTGGTGTAATTTACCTGATTGGCCACATCACCCTCAAGTTTCCGGAGACTGGTTAGGTTCTCGGTTACTCTGCTCA,8_PMC8651088,Synechocystis,PCC6803
NC_000911.1:645333-645434(-),GTGGCTCCACCCCAGCAAGGCGAAGTTTTGGTCAAGATCACCCATACCGGAGTCTGCCACACGGACGCATTTACCCTCAGCGGCGATGACCCGGAAGGACT,8_PMC8651088,Synechocystis,PCC6803
NC_000911.1:2955607-2955708(-),GGTAATTTTTTCTTGGTTAATAACCGTGGTTAGGGGTAAAAGCCCCAACCCTTGGCAATTACTGACATTGCCTTCTATGTTTTCCGGATCGGCAATGGTTT,8_PMC8651088,Synechocystis,PCC6803
NC_000911.1:3495287-3495388(-),CCTCATTGGCCCCTTCAAAGGGAGTTTGCACCGTAATTACATGGCCCTCCGTATCCATACCCCGCCGCCCAGCCCGCCCCGCAATTTGTAAAAATTCCGAA,8_PMC8651088,Synechocystis,PCC6803
NC_000911.1:3450631-3450732(-),TAATGGGCAAATTCAAGATTTGCAGGCCAAATTCTAGCTTGAGACCTTTTTGCAATTCTTCCGCAAAGGAGGCAACGAGATTGGATTGTAAAAATGAACAA,8_PMC8651088,Synechocystis,PCC6803
NC_000911.1:1593476-1593577(+),TTACCACCAACACCACCGTGTTTGAAGGGGCCAACGTGGCAAAAATGCAGGCATTTTTTGACTATCTGCAAACCCTGGGCATTGACGGCATGATGATCTCC,8_PMC8651088,Synechocystis,PCC6803
NC_000911.1:2074445-2074546(+),GTCGGGGTTGGATTATCACTGTGGTCTATGACGGCGATCGCCATGGCAGTGAGGTGTGGCTATGGGATGCGGATCGTTTGCAGGCAGAACCCATTTGTCGT,8_PMC8651088,Synechocystis,PCC6803
NC_000911.1:3201820-3201921(+),ATGAATTAATTGCCCAATTGGCCCAACAGCGTGGCAAGCAAAGCAGTGGCGGATCAGCGGCCAATACTCTGGTGTCCCTGGCCCAACTGGGGGGTACGGGT,8_PMC8651088,Synechocystis,PCC6803
NC_000911.1:160670-160771(-),GTTGCAGTTTTAGGCGATCGCCTCTTTGATCCCGACTTTCCCGAATCACTAAAGTCCCCGCCAGTAAATCTCCAATGCGTTTTTCCCGCCGGCCAAAAATG,8_PMC8651088,Synechocystis,PCC6803
NC_000911.1:1542093-1542194(+),TCATTGCCAATATGGTGGCCTCGGCTTTCCAAGGCCGTCGGGTGGGTAATAATCCCTGGAATTCTTTGGGCTTGGAGTGGACCACACCTTCACCGCCACCG,8_PMC8651088,Synechocystis,PCC6803
NC_000911.1:2829575-2829676(+),AAAATGGAGAGGTCACGACGATCGCCACGGTCCATGATTTTTATTCTTCCCCACGCCTCAGTCCTGACGGGCAGAAATTGGCTTGGATTACCTGGGACCAT,8_PMC8651088,Synechocystis,PCC6803
NC_000911.1:1358632-1358733(+),AATTTACGCCGCCGACATAATCACCATAAAAAACCCTAGTTAATTTATCATCACTGGATTGGAGTCTTGTGAGCGCAAATTTAGTCAGATATTCATGGCCT,8_PMC8651088,Synechocystis,PCC6803
NC_000911.1:1107984-1108085(+),TTTGGCTCTGCGGGAACTGGAAGTGGAATCCGTGCCCCTGAATCTACTCAATCCCCGCCCCGGTACTCCTTTGGGGGAACAACAAAAGTTAAATCCCTACG,8_PMC8651088,Synechocystis,PCC6803
NC_000911.1:2809643-2809744(-),TTCATGGTTAACGACCTTATTTCTCCGCAGTCTCAACAGATGGAGCGCCAACTTACAACTGTTTGGCAGTCCCTGACCCCCACCAGTTGTCCACGGTTTTA,8_PMC8651088,Synechocystis,PCC6803
NC_000911.1:1823537-1823638(-),CACAAACAGCCCTGCTAGGGTTACAGGAATTAGTCCAAGTACAATGCCGAGCAATAGGGGTTCGATCACGGGTTTTCTCCAAAGGGTTATTTATTATCTTT,8_PMC8651088,Synechocystis,PCC6803
NC_000911.1:1253617-1253718(+),CTTTTTTTATCTTTACCATAGGGAACTTCGGGCTTAAAAGTATCGTAGCTGTTCGTTAAGTTAGGAAAAATCCTATCAGCCAAAGCCTGCTTGATGACCCG,8_PMC8651088,Synechocystis,PCC6803
NC_000911.1:127023-127124(+),TAACCATCAAGTTCTCCGGTAAAGCCCCCTACGAGGTCTAGTTCCTGGCTCTACTTGCTTGCGGAACTTGCACAATTGGCAGAAGTTTAACTAACGGGCGA,8_PMC8651088,Synechocystis,PCC6803
NC_000911.1:3291610-3291711(-),TGTCCCTTCCTCCACATCAATATCAATGGCGATCGCCATTGAGTCACTCCAAAGATCTGGATCATAGGTGGCCAACTGGGCTGGACTAAGCTGTCGATAAC,8_PMC8651088,Synechocystis,PCC6803
NC_000911.1:1178435-1178536(+),TGGTGCTGGTGGCTTTGGTGCCGGTGGTGGTGCTGGTGGCGGTGGCGGTGGTTCTTCAGGACAAAATCCTGGTGATGATAAGAGAGGTGGCTTTGGTGGTT,8_PMC8651088,Synechocystis,PCC6803
NC_000911.1:2794613-2794714(-),GTGGCCGCCGCCAGGAATACCACACTGAGGGTGTGTTGCCGGGGATCCCGGCGGGGATCTGAGTAGGCATAAAACATTTCGATAAGCTGGACGTCCAGGGA,8_PMC8651088,Synechocystis,PCC6803
NC_000911.1:2628880-2628981(-),GCAAGTACCAGTACTGCCAAGCCAGTTTTCGCAAGGTTTGGGCCACCGCATCAGCGATGATTCTTTCCAAATGATCGCTGGTCAATTCTTTATGGACAATT,8_PMC8651088,Synechocystis,PCC6803
NC_000911.1:1542535-1542636(+),GGAGCCATTAATACCATGGTGCTAGTTACCAGTAGCGGGGCCATTATTTTGGCCGAAAAAGCCCTGCACCGAGGAGAAATGAAATTATTTCGCCTACTGTG,8_PMC8651088,Synechocystis,PCC6803
NC_000911.1:2118872-2118973(+),TAGGGGCAGAGGCAAAGTTTGACTAGGTTGATTCCCAGTCCAGAGCCAAATTAAACCATAGGCTTCCGTCACGGGCCAGCTATTAACTTTCACCGGCAATG,8_PMC8651088,Synechocystis,PCC6803
NC_000911.1:530636-530737(+),AGCATTAATGGAAAGGGAATTGAAAGCGGAATTTGAAGATTTTGATCTTTAACTCCTTGTCTATTGGGCCAGAACAGCCATCATTGTGAGGTTGTTAACCG,8_PMC8651088,Synechocystis,PCC6803
NC_000911.1:3103228-3103329(-),AGAAGGGTACCCCAACAATTCCAGGTATATTTACCATTCAAAGCAAACGAAGCATTGATCGGATGAGAGGAGCAGATTATGATATTGACGATGTTCCCTAT,8_PMC8651088,Synechocystis,PCC6803
NC_000911.1:615722-615823(-),GTTTAGTTTAATACCAAAAAACTATTTATCCCCAGGGTAAGCCCATCCCTGGCCGTGGGCAAAGCCAGCCTAGTTCTAGTAAGATTGGCGTTAACAATTTC,8_PMC8651088,Synechocystis,PCC6803
NC_000911.1:1527280-1527381(+),CAACGGACGTACCGCAATGGGTACAGAATTTATCTCCTTCCTGTAAAGATTGATGACAAGCTTGGCAATAGTTGGGGGTTGAGGCTCCAGGCAAAGGCTCG,8_PMC8651088,Synechocystis,PCC6803
NC_000911.1:2912357-2912458(+),TCGTTGGCCAGAAATTCGCACTGGGGCCACGGTGGATGGAGTAATTACTGTGGTAGATGGGGATGCCCTCGCCAGGGGGGCCATGGTAGGGGATTTGGAAG,8_PMC8651088,Synechocystis,PCC6803
NC_000911.1:2586078-2586179(+),GAATTTGGTTAGGAAACTCATTGGATAATTCCCGGCCCCAAGCACGGAAATTGGTGGGAATTTCCCACTGATTGCTTAAATTATCTAGGCTTTCTAAGTGG,8_PMC8651088,Synechocystis,PCC6803
NC_000911.1:421374-421475(-),GCTCGCTGAACTTTCTCCACCATGGTCCAGGGGTCTTCCATGGCTAACAGTAAAATATGGGGGCAAAACTCATTGATCCAACTTCCACAGGCCTCTAGGTC,8_PMC8651088,Synechocystis,PCC6803
NC_000911.1:728086-728187(-),CCAGGTGATTTAGATCACAGACAAACCACAGGGACGTTGCTTGGGCTAAATCCCATGAAGAGAAGGTTTATGGCTCCTGATGAAGTTATTTAGCCCATTAG,8_PMC8651088,Synechocystis,PCC6803
NC_000911.1:543740-543841(+),AACCGGGATATCCCCACCGTCGGTGAGCAATTCAAAAGGGCCTAATTGGGCAATTTTGCCAGATAGATACAGAGCCGTATCTCGACAAGTCTGTTGGATTT,8_PMC8651088,Synechocystis,PCC6803
NC_000911.1:612685-612786(-),TTGTTGCTGTTGGCTTCGGGGCTAAGAATTACGTAAGCACCAGGGGTAATTTGGATGTTTTTGTTCACAGGGAACTGGTATTGAGCCTCGATGATATAGGG,8_PMC8651088,Synechocystis,PCC6803
NC_000911.1:3322399-3322500(+),GACCCAACACCATGCCTGCTCCTAAAATGTGGCCGAAACTCATGGTAGCCAGCAATTCCGGCAAGCCAAAGGTTTTCTTCGACGCCAACTGGGGCAGAGCC,8_PMC8651088,Synechocystis,PCC6803
NC_000911.1:409677-409778(-),GCAGCACTTTCAATGCGTCTGAGTGGACTTTTAGTGGAGTAGATGCCCTGGATGATGACGCGGCAAATGTGAATGCAACTGCTACACCATCTTGGCCGATC,8_PMC8651088,Synechocystis,PCC6803
NC_000911.1:3506671-3506772(+),TCTCCTGATTGACTATGCTAACCAACTGCGCCATCGGGGTTTATCCCGCCAGGAAGCCCTATTGCAAACCGGCCATATCCGTCTGCGCCCCATTTTGATGA,8_PMC8651088,Synechocystis,PCC6803
NC_000911.1:2807230-2807331(-),AGCTAGTCGGATGGAATGTAGTGATCACTGGATTGTTTACAGCCAAGTAACCAATGGTCGGGTAGCTAAAGCAGAAGGGTTAACCGCCGTACACCATCGCA,8_PMC8651088,Synechocystis,PCC6803
NC_000911.1:1040823-1040924(+),AGAACATTTGGGAGTACTTTTTTCCCGTTTACCAGACGGTAAAATTGCCCAGCGGGCCTTTGGCGGCCACTCCCACAATCGCACTTGCTACGCCGCCGATA,8_PMC8651088,Synechocystis,PCC6803
NC_000911.1:1798152-1798253(+),CGGGCCAGGGCAATGCGTTGTTGTTGACCACCGGATAGTTCGTGGGGATAGCGTTTTTCCAGTCCCGTTAATCCCACCAAATGGAGCACCTCTGCCACCCG,8_PMC8651088,Synechocystis,PCC6803
NC_000911.1:991514-991615(+),AGCAAGTTCACTAACAGATAAATGGTGGAGCCCCACAGCAGGACGCTAGCAAGGCGACGTTGCCATTGGGGTTGGGGTTTGATGGCCATGGGTTGGGAGAA,8_PMC8651088,Synechocystis,PCC6803
NC_000911.1:2892016-2892117(-),ACATTCAAATTTACAAGAGTGAACTGCGCTCCTATCGGGATTTGCCCCTACGGTTAGCGGAATTTGGTACTGTTTATCGCTACGAGCAATCGGGGGAACTG,8_PMC8651088,Synechocystis,PCC6803
NC_000911.1:3086966-3087067(-),GGGCGCGTTGGCTACCAAGTCTCCATTGGCATCGAAAATGGCACAGGAAAAATCGAGCCGTTCTTTAATGTTGACTGAGCTAGCGGTGTTTTGCAGCACAA,8_PMC8651088,Synechocystis,PCC6803
NC_000911.1:2032515-2032616(+),GTAACGTTCTCCGCTCCGGGGAACTGGGGGTTAAAATCTATACGTAAAGAATCTGAAGTTTTTCCACTTTCGCCCAGGGAGGTAAATGATGGCGACCGAAG,8_PMC8651088,Synechocystis,PCC6803
NC_000911.1:2921380-2921481(-),TAGATGCAAGTATTTAAAGTATTCAAAGCTTCTCACTTCTGGAAATAAGTCTCTGTATCCTTCGCAGTATTTGTCAATGAATTATACTGTTTCTTTTGCTT,8_PMC8651088,Synechocystis,PCC6803
NC_000911.1:3058057-3058158(+),TGCAACTGCACCATTAGGGTGGGATCAAGGCTCTCTTCAGAATGGCTATCCAGCAGTTGCCGAATATGAGACAACTGAAAGCCCTGCTGTTTGAGGGCAAT,8_PMC8651088,Synechocystis,PCC6803
NC_000911.1:2427628-2427729(+),ACTAAAATTTTGTACCCTGGGACGGTTGGCAAATATACACTGATTGTTGTTCTGGCAGGTGTAATGACCCACCACCACCACGGCGATCGCCGCACTAAGGA,8_PMC8651088,Synechocystis,PCC6803
NC_000911.1:2968595-2968696(+),GGGAAATTATCAAAGAAATAAAAGAGCTTGGTTTCAATATAAAGGTAGTATTAGCAGATAGTGAATATGGAGAGAGCAGCGAAAACTTTGTAAGAGTATTA,8_PMC8651088,Synechocystis,PCC6803
NC_000911.1:3500750-3500851(-),TTTGGTTAAGTTCTGTCGGGTCAAGGGGATTGCCAGTGACGGTGGATCTAGCTTGACCAAAGGGACTAAGGGAAAAGGGGGATGTAACCATGGAAAAAACT,8_PMC8651088,Synechocystis,PCC6803
NC_000911.1:1555671-1555772(-),GGGTAGGATAGAATGGAGGAAAAAGGCTGAAATGCAGAGGTGGTATATGGTTGCCCCACGTGAAGCAAAAGAAACAGTACAATTCATTGACAAATACTGCG,8_PMC8651088,Synechocystis,PCC6803
NC_000911.1:1094138-1094239(-),TAACTAAAAAGCTAAAAGCCCTTAATCTCTGGCTCGAACAACAGGTGCCAGATTTACAGAGCCGTTATTACGTAGATACGGGCCCCATCCAGGAAAAAGCT,8_PMC8651088,Synechocystis,PCC6803
NC_000911.1:389913-390014(-),TGGGTGGACCGTTTAACGGCGATCGCCATTGAACCCCAACTTAGCCCGGACGGCATTGGCGGCGGATTTGTGGTGCCCCAGGGCCACTGCCACGGCGGCAA,8_PMC8651088,Synechocystis,PCC6803
NC_000911.1:2784190-2784291(+),CCGAACATCTTGTCTTGGCGGGGGCAAATACTTTCCTCGAGCAGGTGGATCTAGTGATGGCAGAACTTTCCTATGTCCGCTATGACGAAAATGCCCTGGTC,8_PMC8651088,Synechocystis,PCC6803
NC_000911.1:2892451-2892552(-),GTGTGGCCGGGGCCTACTGGCGGGGGGATGCCAACAAAGCTCAGCTCCAACGGATTTACGGTACTGCTTGGGAAACCCCGGAACAATTGGCGGAATACCAA,8_PMC8651088,Synechocystis,PCC6803
NC_000911.1:3317721-3317822(-),TGTTGGAAAATCAAGCTGGTAAACCTGGTTTCACCGCCATGCGTCGTCGGGAATCAGAAGAATTGATCGAAGAAGTGGGCAAAGACCTGCGGGCGATGTTC,8_PMC8651088,Synechocystis,PCC6803
NC_000911.1:2099873-2099974(-),CAGCCGCTTCCACCGCCGCCTTCCAGAGGTAAACGGAAATATAAGCTGCTTCCATGGGGTCGTTGGTCACCCGGTCTTCACCGTATTTAGCCTTAAAAGCT,8_PMC8651088,Synechocystis,PCC6803
NC_000911.1:1509770-1509871(+),CACCAGAAAAATTTTTCAAACCACACCCCGCTCCAGCCCATTGGAAGCAAAACAACAAAACTTTGAATATTGTAGGCCGGTTTCCCCCAAAAGGCCGGCGG,8_PMC8651088,Synechocystis,PCC6803
NC_000911.1:2016181-2016282(+),GGGTAATTAATAACAATGCTCCCCGGAACCGTTGCAGGTAACTTTGTAGCCATTCCACCGAAAAAGCATCCAAATGGTTAGTGGGTTCGTCCATCAACAGC,8_PMC8651088,Synechocystis,PCC6803
NC_000911.1:1140646-1140747(+),TAGGCGATCTCCCACCTGTAAAGGTTGATCAAAGGCATAATCACCGAGAAAATCCCCCGCGAGGCAACTGGAACCCCCCAGGCGATAAACAGTATCTCCCG,8_PMC8651088,Synechocystis,PCC6803
NC_000911.1:2701436-2701537(+),AATGGATCTCCCCCTTTCAAGCGCACCACCACGGCGTGTTTTTCAGCTAATTGCGCCAATAACTGTGTAGTTTCTGACTGTAATTTGGTGTGTCTGCCCCT,8_PMC8651088,Synechocystis,PCC6803
NC_000911.1:276166-276267(-),GTCAGACTGCTTTGCCCCGGCCATTTTCTGAGGAGGCAACCCGGTCAAAGTTAACCGTACTCCTAAAGTTAGCAATGGGGCACAGCGCCATGGTTTTCTGC,8_PMC8651088,Synechocystis,PCC6803
NC_000911.1:843807-843908(+),CTCGGTGTGCAACCGGGAAAGGCTGTCCCAAATGGGTAAACTACGATTTTGCAAATACTCGTCCACATGGCTAGCATCCCACCAGGAAACCGCATAGGCCA,8_PMC8651088,Synechocystis,PCC6803
NC_000911.1:2581160-2581261(+),AGGGCCATGCAGGTGGCGGACACCAATTGGCCGAGGAAATAGTTTTGGAAACTGCGGCGTAGAGTATCAGAAAAAGGTTTTTGGAAACGCTCTGGCAACCA,8_PMC8651088,Synechocystis,PCC6803
NC_000911.1:318437-318538(+),CCACCCAACAGGAGCTTTTTCTCGGTATTTGCTGGGGTAATCCAGTGGAGTATCAATATCAATGGGCTAAGCCCAATTCCGGTTGCCATCGCATTGTGGCC,8_PMC8651088,Synechocystis,PCC6803
NC_000911.1:1330567-1330668(-),TGCCATAGCCGGTTTTAACCTTACCCAGGGGAGAAACGGTTTGGAGATAGGTGCGGCCGCCATGGTTTTCAAAGCCAATGACAATGGGAGTTTCCCCGGTC,8_PMC8651088,Synechocystis,PCC6803
NC_000911.1:2378625-2378726(-),CCGAAAAAAGTAAAACTTTTGCCCGCAAGGGATTGGTATATTGCATAATCTCTGAGCGGATCTCAAACAGGTTGTATTCCTTCTTCTCAGTGTGGGCTTGG,8_PMC8651088,Synechocystis,PCC6803
NC_000911.1:1815348-1815449(-),GAACAGATTGAAAAATCATTTTGAATGCCTTATTCTAGCAGGATTGCTTGGGACTTTCGTGACAAGCTAGTTCCAGTGTGGGACGGCCCTTACCTGGGTAG,8_PMC8651088,Synechocystis,PCC6803
NC_000911.1:3203538-3203639(+),GTGTAATTTAAAAATTTCCCCCACTTCCTTAAGCACTTCTTCACTGCCTAAACCTTCAATATCCATCCAAGAAACAGTATTTGTACCTAAATAAGGTCTCA,8_PMC8651088,Synechocystis,PCC6803
NC_000911.1:805296-805397(+),GTTTTATCTGTACAAATAACTGTAGTGGCACTGAGGGTTTCCACCGCCGATAATCGCCGCACCAAAGCATTACGTTTGGCCATCCGTTGTACCCCCATGGC,8_PMC8651088,Synechocystis,PCC6803
NC_000911.1:1555898-1555999(+),ATCCCTTTCCGATGAGCAGTTTTATCAACTCTGTTTGAACAATCGAGAGTTGCGTTTTGAGCGTAATTGCCAGGGAGATTTAGTGATCATGTCACCCACCG,8_PMC8651088,Synechocystis,PCC6803
NC_000911.1:3398692-3398793(-),GAAATCCCGGTCGGTCGGGCCATGGTAATTATCCATCGGCCGGGCCACTGAAATAATCAACCAATTACACTGTCAGATGGGGAAAGGCAAAGCCGATCCAG,8_PMC8651088,Synechocystis,PCC6803
NC_000911.1:1762735-1762836(+),CCCGGCCATCCAGATCAAAGCCCGATCGCCAACTTGAATTTCTTTGCTATAACGGGTCACCAACCAGGGCAATTCCTCTTGCTCCTCAATGGCTTGAAGAA,8_PMC8651088,Synechocystis,PCC6803
NC_000911.1:2846188-2846289(+),ATGCCCCCCAGCCTTTGACCATTTAGGGAGTCAGCTTCCCGTAAAGTTCCCTGCCAAATGCGAGCCAGGGATAATCGACCCTGGGGAGTGAAATAGGTTTT,8_PMC8651088,Synechocystis,PCC6803
NC_000911.1:227330-227431(-),ATCGTAGTAAAAATTTGTTACCCGTTCATCCCCGACATAATCGGAGCGTAAACGGTTCGGTTTTGCCACTAATAGTGCTTGGTTAGCGCTGTATTGAACTT,8_PMC8651088,Synechocystis,PCC6803
NC_000911.1:1065782-1065883(-),GCAAGGCGATCGAGCAGTTTGCCAAAAATTTTGACGGGGAAATTGTGGCATCCGATGCGGCTCCCAAACAGGAATCGGATAATGGCGATGATTTATCTACG,8_PMC8651088,Synechocystis,PCC6803
NC_000911.1:1971161-1971262(-),CTATAGAAAGTAAAGAAATAGAAGGAGTTAGTGATGAAAAAATAGCAGAAATTTATAAAAAAAGATGGCAAATAGAATTGTTATGGAAATTCTTAAAAATG,8_PMC8651088,Synechocystis,PCC6803
NC_000911.1:418721-418822(+),ACTAAACAACTACTCAAAATTCTGATTGGGGCCGCCTGGCTAGATGGGGTAATCGAAGTCGAAGAAAGGCAATATCTACGCCGCTTAGCGGCAGGATATGA,8_PMC8651088,Synechocystis,PCC6803
NC_000911.1:1910969-1911070(-),CTAGCATCGCGCAAATTAGCCAGACTAAGGCAAGCTTCCTGTAAATTAGCCCAGGAAAAATCGGCTTTCTGGAAATTGGCTTCCCGTAAATTGGCAGCAAA,8_PMC8651088,Synechocystis,PCC6803
NC_000911.1:645468-645569(-),GCCTTCTAAGCGGACGGTCGCAGGTTCGAATCCTGCCGCACCCGTTATTCCCTTCAACGTTAAGGATCTGCTATGAAATCCCGTGCCGCCGTTGCCTTTGA,8_PMC8651088,Synechocystis,PCC6803
NC_000911.1:2229260-2229361(+),CCCCAGATGTTGCACTGTAGGGGGCAGCACTTCGACAATTTGTTGGGATAGTTGTTGAGATTTAACTACGGTGGCTTCAATAACGGGTTGTTGTCCCAGGG,8_PMC8651088,Synechocystis,PCC6803
NC_000911.1:2114974-2115075(-),GAAATTTTAGCCAACTTGCCATCCCAAGGGCTAACTTGTTTGCACAAAAACTTTGGGAATTGCAAAATTATGGTCTTTCTAGCCTCAATAGCTTTATGGAG,8_PMC8651088,Synechocystis,PCC6803
NC_000911.1:1079593-1079694(-),CACATCATCCCCCGGTTCTTCCTGTGCCAATTTCTCCAACGCCGCCCGTTGTTGATTATCTAGCCATAACTGCCCTGCTCCCCAGCCTAGGGCCATGGCGA,8_PMC8651088,Synechocystis,PCC6803
NC_000911.1:399982-400083(-),TCAGCGATGGGGGCGCAATTCAAGATTGGCGGTTACTACAGCGGGCTTTGGAATATGGAGCCATAGCCGGCAAACCTTTAGCTTTGGTGCCCCTTAATCTT,8_PMC8651088,Synechocystis,PCC6803
NC_000911.1:2837049-2837150(+),CCTCCCTTGGGACTAGCTTGGCCAAGAAAGGGAGCCAGTTGCAAAATCACCAAAATAATCCCAATGCCGGACATAAAGCCGGAAATGACTGTGTAGGGCAT,8_PMC8651088,Synechocystis,PCC6803
NC_000911.1:484575-484676(-),CCAAGCTGACCCCCTAGACCGCTCTCCTAAAATTGCTGCAAGTCAGCGTTTGGGAGAGCGGATAGTTTTTGGGGAAGAAATTAGATTATTGCTGGAGCTTT,8_PMC8651088,Synechocystis,PCC6803
NC_000911.1:2123561-2123662(+),AAATTGATCTGCCAATCATTGCGGCCAACGTTTAAGATGGGGGCATTGTTTTAGTCCACCATTGTAATTACCAACGGAGGGAAAATGTTACAACTACTTAT,8_PMC8651088,Synechocystis,PCC6803
NC_000911.1:1166654-1166755(-),AAAATCCTTAAATTTAGACGGTTCATTATGACACAGATTTCTGGCTCCCCTGATGTCCCCGATTTGGGTCGGCGTCAGTTTATGAACTTATTGACCTTCGG,8_PMC8651088,Synechocystis,PCC6803
NC_000911.1:2482131-2482232(+),CTGTCCTCACCAATCATGACAGCAGTCCCACCCGAATTCCTGCCCAAATTGTCTCCGGCATTGGTTTTCTGGCGGGGGGAGTAATTCTCAAGGAAGGCTTA,8_PMC8651088,Synechocystis,PCC6803
NC_000911.1:793016-793117(+),CCACTGGTTCCCGAAAATGACTGGCCGCATGGTCAATGAGCCCCTGGGTCGTCTTCACTTCATCCTCACTTTTATCGGCATGAATTTAACCTTTATGCCCA,8_PMC8651088,Synechocystis,PCC6803
NC_000911.1:640188-640289(-),TTTCAAGATAGTTTACGCCGGCGGCAGGAGCAAAAGGTGATTGAGCGATTAGCGGACCATTATATTCTTTGTGGCTATGGACGCACAGGGCAACAAATTGC,8_PMC8651088,Synechocystis,PCC6803
NC_000911.1:946602-946703(-),CTGCTTTTCTAGCTAAACAATCCCCAAATAATCCCCATCTTAGCCAAGCCATTGATATTTACATCATTCTTACTCTATTGCGGCATATTGCCATTAGTTGG,8_PMC8651088,Synechocystis,PCC6803
NC_000911.1:2214792-2214893(-),AACGGGCCCAGGCGATCGCCGAAATTCGAGGGGACATGGTGGAAGCGGCCTGGGGCACCCAAATTCGCAACTATGTTTTTCATCCTTACCAATTGGTCAAA,8_PMC8651088,Synechocystis,PCC6803
NC_000911.1:1700056-1700157(+),AGTTACCCCGGTGGCGGTTTCCCACAGACTACGGGGAGCAGGGGTAACCATGTAAATACTGTCCTGCTTGCGAACGTAGTACCATCGCTTGCTTTGGCATT,8_PMC8651088,Synechocystis,PCC6803
NC_000911.1:2929688-2929789(+),CTCCTGAACCATTCTTAAGACCGCTCCACAGCTTGGGAAAACAGTCGAGAATTGATGACAATATCATCTCGAATAATCAGGCGATGACCATAACTTTCTAG,8_PMC8651088,Synechocystis,PCC6803
NC_000911.1:439091-439192(-),CATTCTTAATTTCAGCTAAGACTTGATTGCACTCTAGGGAAAATTCATTTTTTTCAAACCAAACCATGGTTAACCTAAATCGACAAATTGCCGATGGGGTC,8_PMC8651088,Synechocystis,PCC6803
NC_000911.1:1580091-1580192(-),CAGTAGATAGCCAATCAAGATTAATAGAAGATCATTATTATGACACAAGAATTTGTAAAGAAATGAAAGAGGAAAATAATGAAAAAAGAAATAAAATGAAA,8_PMC8651088,Synechocystis,PCC6803
NC_000911.1:2985192-2985293(+),CCTGGCAAAAAAACCTAGAAGCCCCCAATAGCCTGGTGATTCTGGCCAATCCCGTCGAGCCGATCGCCAAAATTTTGCAGGATAGCTTAAACAGTTGGGAT,8_PMC8651088,Synechocystis,PCC6803
NC_000911.1:3066773-3066874(+),TCGTCGATAGTCTGGGCTTAGTCTTAAAAGTGATAGTGACCGAAGCAAATGCAAGTGAACGCATCGTCACAGCTTATGCTCTGATGAGTTTGCTTGAAGAA,8_PMC8651088,Synechocystis,PCC6803
NC_000911.1:1141422-1141523(-),GGTGATGTTGGCCTTGAAAGGTTTTGCCCTCTTTCCTTGTTTTCCCTGGTTGCGGTCAGGGTTAGCAGGGGCGTCGGCCAGTTCCCTCTGGGAAGCACGAC,8_PMC8651088,Synechocystis,PCC6803
NC_000911.1:3163859-3163960(-),ATTACCATTTGCCGGGGGGGCTAGACCCCAAAGTTCATCGGGAGTACGAAGCTTTTTTACAGGAGTTAATCGCCAAATTTCCTCAGGAAGCCCAGGGTATC,8_PMC8651088,Synechocystis,PCC6803
NC_000911.1:2733577-2733678(-),TACGACCTTCGTAGTAAATGGGGTTAGCCCCTAGGGTAGTAAAGACTTTTTCCAGAGATTGGGGATCAAAAGGGTTAGCTTCCGGCAAATTTTCCTGGGCC,8_PMC8651088,Synechocystis,PCC6803
NC_000911.1:1978732-1978833(+),CCAGGGGGGGGACTCCAGCGGACACAATTACTAGTTGACGAATGCCTGCGGCGATCGCCTCTAGGGCCGCATCCAAAACTCGGTAGGGGGGATTGAGAATT,8_PMC8651088,Synechocystis,PCC6803
NC_000911.1:2747973-2748074(-),CCCCACTTCCTGCAGAAACAAATATTGCTCAAGACGCCATTGGCTGTGGGGCCAAACTAAACAAATACCACCCACATATTGATTCTGCTGAAAAACAGGTA,8_PMC8651088,Synechocystis,PCC6803
NC_000911.1:2102282-2102383(-),TAGCCCTAGACTATAACCGGGGTAACTTAGTGGGGGCAGATTTTTCCCATCAGGATCTGCGGGGCTCCATCTTTGACCATGCCAATTTACGGGGGGCGGAC,8_PMC8651088,Synechocystis,PCC6803
NC_000911.1:25402-25503(-),TGGAATTGGCTTTAATTACGTTGGCGATCGTTTTGGTGATTTAGCTAATACCTACACAGTGGGGGATTATATCATCGGAAACGCAGCGATTTTTTACCAAC,8_PMC8651088,Synechocystis,PCC6803
NC_000911.1:939023-939124(-),AGCCGTCGTCCAATTTCTGGTTTGAGTTATCTGGTAGGGGTTGCATCCCTTATTGCCCTACCTCCCTTTGGGACTTTTTGGGCTTGGCTAAAACTGGCAGA,8_PMC8651088,Synechocystis,PCC6803
NC_000911.1:3202152-3202253(-),AGACAGGTTTTCACCCCGGATTGTTCGGCGATCGCCTTGGCTTCAATGCAGGCCGCTTTGGCACTGGGGGAAGTGACCAGATAGCCTTCCAGGTAAAGGTA,8_PMC8651088,Synechocystis,PCC6803
NC_000911.1:3429004-3429105(+),ATGGTATTTACATAGGTGAAGTCCCACAACTTAAAGCTTGCTACAGTCAGGGGGAGACCATTGATGAGCTTATGCAAAATATTCGTGAGGTTATCGAATTA,8_PMC8651088,Synechocystis,PCC6803
NC_000911.1:1160927-1161028(-),ACCCCAAAGTTTTGCTTTCCGCCCAAAAAGATTGCCGCCAAAAAGGGTTAAGCATTATCGGTATTTTCCATTCCCATCCCCATGGCCAGCCCATACCGTCA,8_PMC8651088,Synechocystis,PCC6803
NC_000911.1:2883604-2883705(-),TTGGCCCAATTGATCGTCAATTAATAATTCTTCAATTTGATCAAAACCTTCCATAACGGTTACGGCTTGTTCATGTCTGTCCCTAGCCTTGGGCCTTTTGT,8_PMC8651088,Synechocystis,PCC6803
NC_000911.1:2040971-2041072(-),CGACATTGTCATCGATGGTACGGACAATTTTCCCACCCGTTATCTAACCAACGATGCCTGTGTGCTGTTGAATAAGCCCAACGTTTACGGCTCCATTTTCC,8_PMC8651088,Synechocystis,PCC6803
NC_000911.1:2448888-2448989(-),AAAGCATCTAAGTGGGAAGCCCACCTCAAGATGAGTACTCTCATGGTGTTAAGCCAGTAAGGTCACGGGAAGACTACCCGTTGATAGGCTCTAGATGGAAG,8_PMC8651088,Synechocystis,PCC6803
NC_000911.1:735371-735472(+),GTGGAGTTCGTTCCCCGTTCTGGGCAACAGGCTCCCCTCAATACCCGTTATCCCGCCGCCAATCGCAGTGCTAACCGTGCCCCCGTGGCCCGTCAGCAATC,8_PMC8651088,Synechocystis,PCC6803
NC_000911.1:2453775-2453876(-),TGATAAATGCGCGGTTGAGAGCGAAAGCGACTCGAAAGCGCCCCGAACCTAGACAAAGAAATAGTTTGAGAGACAGAAACCAGACCCTTGTTAATTCAATT,8_PMC8651088,Synechocystis,PCC6803
NC_000911.1:1921392-1921493(+),AAATCCTACAGCCCACTGCTAACGCTTTAGCTAAACGGGGCATTGATTACCGGGGAGTATTATATGCCGGCTTAATGGTCAGCCCCACCGGGGAAATTAAA,8_PMC8651088,Synechocystis,PCC6803
NC_000911.1:1574039-1574140(+),CTGCCCCTTTTATCGAGGGGAACTATCCAAGATGTTACGGAGTTACAGGAAGCACAAATTTCCCTAGAACACCTCAATGAAAAATTAGAGCAACGGATTCA,8_PMC8651088,Synechocystis,PCC6803
NC_000911.1:1045184-1045285(+),CTGCCACCAAGACCACCAAGCGGCAATAAAGTAAACTTGAGCCAAGAAAGTTACCAACAAAATGGTGTTTAAACGGGGCAACAGTCTCCAACCTAGCACTA,8_PMC8651088,Synechocystis,PCC6803
NC_000911.1:1659914-1660015(-),AGTGCCCCAAGGAGTTGCTTGAAAAGTCCCCTGGCCCCAAGCCTAGGGGGATAGGTTTAAAGTTCTGCAGGGTTGCCAGAGCTTTGGTAGGAAAATTTAGG,8_PMC8651088,Synechocystis,PCC6803
NC_000911.1:3168775-3168876(-),TAAGGAAAGCTAAAAATAGATAAATATCCAATTTTTTATGTAATTTATAGAAGTAGTCTATAAAATTAATCCACTATGAAAAATGCCACCCTCCACCAATT,8_PMC8651088,Synechocystis,PCC6803
NC_000911.1:1869942-1870043(-),AGCGCATGACCGCAGAACCACTGTCTTGGACAAAGAAACTATCTCCTATGCCAAAGGAAAAACTGCTGTCATAATCTTGAATATTATTAAGATTGATGTCA,8_PMC8651088,Synechocystis,PCC6803
NC_000911.1:768315-768416(-),TTGATGAAAGTTACTAATTGCCCCAACTGTTTTTTCAACAGGTCAATTTCGCCGTGCATTTGGGCTACCTGTTGTTTGAGTTGTTGCACTTCAGCGGCCAA,8_PMC8651088,Synechocystis,PCC6803
NC_000911.1:3077401-3077502(+),AATAGCTAAGTTAACCCCCGCCTGGACGTGCTCCCGATCGTCGGGATGGACTAATTTGTAGAAAGTGTCTTGGTTTTTCTCGTAGCTGTCGGGGGTATAGC,8_PMC8651088,Synechocystis,PCC6803
NC_000911.1:1708877-1708978(-),TGGTTAGGCTATTAATCTGGGCTAATTTTTCCATCAATCCTTCACAAAGATGGCAACCGGGCTTGCTGTATAAAATTAATTCCATTATGTTTTCAGTATTT,8_PMC8651088,Synechocystis,PCC6803
NC_000911.1:2102461-2102562(-),AATGAATTTTTTAGTAATTTGTCAAAAATTTTTCACCCCCAATCTATTCCCATGGAAGGCGATCGCCAGGGTCCAGAGGGAAAAGCCCCAGTCCCTTGGCC,8_PMC8651088,Synechocystis,PCC6803
NC_000911.1:1181847-1181948(+),AATATCTATACACCATCGGCGAGCAATATTCGAGGCATTCAGGAACGAATTGTTTATGATTTTCCCGATACGGGTTTGAAATTAACCATGCCCAGATTTCT,8_PMC8651088,Synechocystis,PCC6803
NC_000911.1:1921997-1922098(+),GACCAGTGGCCTTGGCAATGGCAAAAGTAAACCAATGGTGTCCTAAAGAGATCAACCGGGAATGTTAATATACGTTGCAGTTTGCCTTGAACTACCTTCCT,8_PMC8651088,Synechocystis,PCC6803
NC_000911.1:3504085-3504186(-),CCCATCGGCCCCAACAGTTAAGACCCCTGGAAATCTGTTACCATCCCCAAAAGATAAACCAGCCCCCCTTGAACTAGCTTTTTCCTAAACTTTTGTGATCT,8_PMC8651088,Synechocystis,PCC6803
NC_000911.1:2576900-2577001(+),TATCCCATGTCTTCCCCATCCTCGGCGGTTTTTGCTGATCAGGGTTTATCCGGCAAGGCTAATCAGACCCAGCCCCCTCCTCCCCTGGGTCTGGTGGTACC,8_PMC8651088,Synechocystis,PCC6803
NC_000911.1:3084103-3084204(+),GGACTGAAGATAATTTTCATAGCCGTATCGTTGCCTCATACAGACAAACTTATAGGAATATTACCCTAGTTTTACGAAAAGGATCTCATTCCGTCAGGACT,8_PMC8651088,Synechocystis,PCC6803
NC_000911.1:2731616-2731717(-),GTTTTCAAGACGGCGTAGCCCACTCCCTATCTGAAATTGGGCGTATTTTGAATTTATCGAGGGAAAGGGTACGACAGATTGAAGCTAAGGCTCTGCAAAAG,8_PMC8651088,Synechocystis,PCC6803
NC_000911.1:2237930-2238031(+),GGCGAAAATGCATGCCATTCCCTTTTTTGTGGCCGCCCCATTATCTACGGTGGATTTTGCTTTGGATGATGGTAGTCAGATTCCCATTGAAGAACGGGACC,8_PMC8651088,Synechocystis,PCC6803
NC_000911.1:2213602-2213703(+),AATAGTGCAGTTGATGATCAAAATAACGATGTTAAACCCCTTCTGGTTGGTGTTTACGAAGCTCTTTTAGACGACCAGCCAAGCTTGGCTTGCAAAACTAA,8_PMC8651088,Synechocystis,PCC6803
NC_000911.1:2805102-2805203(+),TAATCTTCACCAAAGTCCGATAGCCCTGTGGGGGTACTCAGAATTAAACCTGTAAATAGGTTGGGATGCTCTATGGCAGTGCGAACGGCGATCGCCGCCAC,8_PMC8651088,Synechocystis,PCC6803
NC_000911.1:1282097-1282198(+),TAATTCTCAGCACCACCGCTTTAATGTCGTCATCCTGGCGAATAGTTCGCAATAGTTCCCCATAACGATCGCCACCAATGTTTTCCCAGGTGCCCCGACCA,8_PMC8651088,Synechocystis,PCC6803
NC_000911.1:1809698-1809799(+),CTCCTCAGTTCTTTGTTGAACCTTTTCCTCTAAACAAGAATTAGCAACTGCTAATTGTTTTTGGGCTAGCTCCAATTCCTGATTTTTTTTCTCTAAACTAG,8_PMC8651088,Synechocystis,PCC6803
NC_000911.1:1706568-1706669(+),ACAAAACATTCAAACTGCTAGGGCTAGCTATGAACAGGCCACTATCCCAGAACAACGACAAGCGGCGATCAAAAGTTGGCAAGGAGCCATCAATGAATTAA,8_PMC8651088,Synechocystis,PCC6803
NC_000911.1:1068608-1068709(-),CAGGGGTAGATAATATCCGAGAAATTATTGAACGGGCTCAATTTGCCCCAGTACAGTGCAGATATAAAGTATATGTGATCGATGAATGCTTAACGGGGGAC,8_PMC8651088,Synechocystis,PCC6803
NC_000911.1:1450778-1450879(+),GGAATGGCTGGCTTGGCAGACCGATCGCCTGTGGCAGGGAGTGCCGCCGATACCAGGGCTGGACATTCCCAATTGGGAGTGGTGGGAAGAGTTAATTTTCC,8_PMC8651088,Synechocystis,PCC6803
NC_000911.1:3193699-3193800(-),GCCAGCCCCAAACCCGTGCCGCCGGAATAACGGGAACGGGATTTATCAGCCCGCCAAAATCGCTCAAACACGTAGGGTAAATCCCCCTCTGCGATGCCAAT,8_PMC8651088,Synechocystis,PCC6803
NC_000911.1:1377126-1377227(+),GTTGAAGGAATAATAGAATTTACTGATAATGCAATATTAGAACTCTATAAAATGACAGAAGGAAATCCATTTTTTACAAAATTAATATGTGGAAATATTTA,8_PMC8651088,Synechocystis,PCC6803
NC_000911.1:1424404-1424505(-),CGGCGGTGACGGGGATCCGATCCTTGGCTTCGGCAATGACATCCTCAATGGGGATGAAGGAAATGACTTCCTCTTTGGTGGCAAAGGCAATGACAACCTCC,8_PMC8651088,Synechocystis,PCC6803
NC_000911.1:245398-245499(+),CCTAGGGTAAACTTCCCCATCCCAGACGGGGAAAGCACGAGCCTTGTTTCAATCGGGGTTACGCCAAGGCACTCCCAAATGCCCCAAACCTATGGGCTTGT,8_PMC8651088,Synechocystis,PCC6803
NC_000911.1:1876271-1876372(+),CCACCTCTCAACAAAAGGAGCAATTAAACCGTGGCTGAGGAAGTGAACTCCCCCAATGAAGCTGTTAATCTCCAAGAGGAGACGGCGATCGCCCCTGTGGG,8_PMC8651088,Synechocystis,PCC6803
NC_000911.1:3388850-3388951(+),AGATAGGCCCAGCTAACTTCATTGCGGCAATTGGTGCGCCAAACAAACCGTTGATAGCCCCGCCAAATAGTTGTGCCCACCATCATCGCCAGTAGCAGGAT,8_PMC8651088,Synechocystis,PCC6803
NC_000911.1:1126831-1126932(+),CGGCAGGGTTGGAGGTTTACTGCTAGGCGATCAACTTGTCCCTGGAGATCCAGTAGGACATTTTGGTTTAACTGCACCGCCAGGGGGCCCCGCAATTGGGG,8_PMC8651088,Synechocystis,PCC6803
NC_000911.1:1568211-1568312(+),GCGACTTCTATCAAGCTTGTATTAAAAGTACTTTAGCCGTTTATGTTGCCCTATTTTTGATTGAATTAGCTATACATACTCATTATTTATCTTTGACTATT,8_PMC8651088,Synechocystis,PCC6803
NC_000911.1:1531998-1532099(-),ATGGCGTGGTGGGTATTGATATCCAAAAGCGAGAAATTGTTAAAACCATCACCTGCGATCCCCCGGTTAATTTTGTCCAGGCTTTAGTTCTTGATCGACAA,8_PMC8651088,Synechocystis,PCC6803
NC_000911.1:157487-157588(+),GGGGTCTTTGTGGTACAGACCAGCGTAATCACTAATTTGGTCACTGCCAGTGCGGAGGGTGAAGAGAATAATGCAACTAAACGCCCCCAGGTTCATAAACA,8_PMC8651088,Synechocystis,PCC6803
NC_000911.1:3453281-3453382(-),ATTTAGTCAGGGTTTCGGCAATGTGGGCCGCCGTTAACTGCTCTTGGAAGCCCAATTCCGGGTATTGGTGAAACTGCCGTCGCCATTGGATCAATTGACCG,8_PMC8651088,Synechocystis,PCC6803
NC_000911.1:1939182-1939283(+),TTTCCCTGTAATCAGTTTGGCCAGCAGGAACCCGGTGGCTCAGGGGAAATTAAAAACTTTTGCGAAACCCGTTATGGAGTAACTTTTCCCTTATTTGAAAA,8_PMC8651088,Synechocystis,PCC6803
NC_000911.1:1175776-1175877(+),GCTTGATTGGCATTGATGAGGTTAATGAAAACCTTTATGGTTACGTCATTTTTGGCAAAAACAATTTAGCCTCCAATTCCTCCCTCAATTTAGCAACCCTC,8_PMC8651088,Synechocystis,PCC6803
NC_000911.1:1384661-1384762(-),CCATTATAAGACTTTATAAATGGGCTCTAAACACCATAATCAGAAACCCAGGGATCTAGCTTAAATTCTTCCCGCAAAAAATCAATAAAGCAATGAACTTT,8_PMC8651088,Synechocystis,PCC6803
NC_000911.1:3230428-3230529(+),CGGTGGAAAACACCCTGTTTGAAGACGGTGAAGATTCCAACACCTTCCGGGCGTTTGAACCTACCCAAGCGGAAGAAACCTACTCCATGGTGACTGCCAAC,8_PMC8651088,Synechocystis,PCC6803
NC_000911.1:2671679-2671780(+),CCACTGGTTGCCCTGTGCGTTTGCCATGGCCCAAGGCAAAAAAGCTAGCGGAACGTTCATCTAAACTAACAACGCAATCAATGCCCCCATGGCGGGCCAAA,8_PMC8651088,Synechocystis,PCC6803
NC_000911.1:3082070-3082171(-),AGTCAATTAGTAAACTTTTAGACTTGATTCTAAGGAAAATGCTAAAATTTTTAAAAAATAACTTTCAATTGGTAAACTTTTTTGTTGCCGCTCTGTTAGTG,8_PMC8651088,Synechocystis,PCC6803
NC_000911.1:1494179-1494280(-),ATTAAGCTAGCGAGGACAATTTCCCGTTTCTCAATTTTGCGACCCAAAAATTCCGGTGTCCTTCCCACCATCAATCCAGTGAGAAAAACCGTCAGGATGAG,8_PMC8651088,Synechocystis,PCC6803
NC_000911.1:2206811-2206912(+),AAGGCAGAAGTGATCACCATTTGCGTTGGTTTGGCCGCATCCATGGGGGCGTTTTTGTTAGCCTCCGGGGCACCAGGAAAACGGTTAGCCCTGCCCCATGC,8_PMC8651088,Synechocystis,PCC6803
NC_000911.1:1663530-1663631(+),AATACTTAGCAAATGTCAAAATTTTAAGCACAATCTTTTTCCAGGGGGAGGGTAAAGTAAATCTCTGCCCCCCTACTAACCGCAGTATTGAGACCAATTTG,8_PMC8651088,Synechocystis,PCC6803
NC_000911.1:1539201-1539302(-),GCAAGGTTATTAAATGCGTCAGAACCACCTAAAGATTTCGGAATTACATGATCAATGGTGAATCTGTTTGCACTCAATCGTTCTGGGGAATGACAATATTC,8_PMC8651088,Synechocystis,PCC6803
NC_000911.1:942481-942582(-),CGCCAAATGGTGGTGAGCGGTATCAGACAACCAGAGGCCGCCGGTGACTGGATTCAATCCCCCTTTAAAGGTGAGGAAGTCTGAGTAGACTCCCCAGTTGA,8_PMC8651088,Synechocystis,PCC6803
NC_000911.1:2061001-2061102(+),TCTCCAGCCCAATGATGACGGAGAAGTCAATTAAAAGACATAGTTATGGGAAGTTGGCTAGTGCTTGGGGACCATGTTCAGTTGATAAAATAAACACAACT,8_PMC8651088,Synechocystis,PCC6803
NC_000911.1:1252572-1252673(-),AAGGGTCTGTTTGTGCTAGCTCCGTCCGGGGACACGTTGGTGATTTTAAATGATGCCAATTTTCGGCCCAGCTATTGGTAGTTTGGAGGGCAAAATCAAGG,8_PMC8651088,Synechocystis,PCC6803
NC_000911.1:1496959-1497060(+),GACTTTATGCAATTTGGCGATCGCCTCCCCCATTTATGCTGCTGGTAACGGCGCCATTGACCGGGGAACGGCCTATGCCCTTGGCCTCCTAGTAATCATTG,8_PMC8651088,Synechocystis,PCC6803
NC_000911.1:1766179-1766280(+),ATATCGAAAATGTAACTACGTATAAACTGACTTTCGGCGGGATAGTGAATATGTTGCTCATAAAATTTATCTCCTATTTGTACCTCTCTAGTGCGGAGATA,8_PMC8651088,Synechocystis,PCC6803
NC_000911.1:1540633-1540734(+),TTCCCGCTCAGAGCGCATGACTAACCAGCCCACCGCATCGGTTCCCTTTCAACGCCCCTGGCACGACTATCTCAAATTCAGCACCGATCACAAAGTCATTG,8_PMC8651088,Synechocystis,PCC6803
NC_000911.1:3402858-3402959(-),AATTATTGCCAAACAAAAATATTTTAAGTAAGGTTTTTCTACTGGGATTCGCTAATATATGGGCAAATTTCTAATTCCAATCGAATTTGTTTTTCTGGCGA,8_PMC8651088,Synechocystis,PCC6803
NC_000911.1:1088760-1088861(-),CACTTGGCAATTGGCAAAACAAACGGGACTGGGGGAAAAAGAAAGTTTAACCATGGCCTTGGTTTATGGCCTATATCCCCTAATTTTTAACATCAATTTAT,8_PMC8651088,Synechocystis,PCC6803
NC_000911.1:2272174-2272275(-),TCGTCTTCCTCCATAGCCACCGGTAAACGAAAAGGATGGCTGATGGTGGCAAAAGATTTTGGGGCTGGGGTATCGATTAAAGTCTCTAGTTCGGTAAAGGA,8_PMC8651088,Synechocystis,PCC6803
NC_000911.1:3471272-3471373(-),TGGGGTTCCCCCATATCTACTTTGACCTGGCCGTCGGCCAACAGTTGGGGCGTAATTACCCCCGCCAACGTGTGGATGCGATAGGTCTTTTCCTCCACCCC,8_PMC8651088,Synechocystis,PCC6803
NC_000911.1:1315308-1315409(-),GAATCGAGCTCGGCTCCGGTGGATAGTTTAGTCGAAGATCAGGGGACTGCGTCCGCTCTGGCACAAGAAGAGTTGTGGCCTCTTGTTGACCCGGTTACCAT,8_PMC8651088,Synechocystis,PCC6803
NC_000911.1:3053207-3053308(-),CTTCCTGGGGCAGTCGTTGGTTAGCCAAGAGAATCCCACACAAAGCCGGGGAAACGGTCATGGCCACTAGGGTGGAAGCACCGATACAGAGTAGATAGGCT,8_PMC8651088,Synechocystis,PCC6803
NC_000911.1:1210372-1210473(-),CTCCGGGAAGGGGAAGGGCAAATGTGCATCGCCAGCGTTAGTAATCCCAGCGTAGAAGTGTTTTACCATAACCGTTGGAATCCCAGTGGGGATGGGGCAGA,8_PMC8651088,Synechocystis,PCC6803
NC_000911.1:470506-470607(-),GTCCCCAAATCCAACTCAGCGCCGTAGGTTTTCAGCATTACCCCCAAACTTAAGGCCAAAATTAGGTTAACTCCCCCCAAGGCGATCGCCGCTATTTTTTG,8_PMC8651088,Synechocystis,PCC6803
NC_000911.1:215278-215379(+),ACCTCACTTTTAAAGGTTTAACCAGTTTTTTCTCCCCCCGCTGTTGGTGATACGGCTGGTTGAAATACAATCAAGAGAGTAGCGCTTTCTACAAAGCTTAT,8_PMC8651088,Synechocystis,PCC6803
NC_000911.1:1665811-1665912(-),AGCGATCGCCGGAGGTGCCCGAATGGATTAAGACTGACGGGGGCAAATTGCGGCAGGTGTTGATTAATTTGTTGGCCAATGCCATTAAGTTTACTGCCCAG,8_PMC8651088,Synechocystis,PCC6803
NC_000911.1:615014-615115(-),GTTCTCGGGTCATAACCGTACAAAATTCCCACCATTTCTTGGATGCGGCCGTTCACCTGGTCATTGAGTTGGGCGATCGCCTGGGGAGCACAGCTAATGAA,8_PMC8651088,Synechocystis,PCC6803
NC_000911.1:3036856-3036957(+),TTTTCGTGATGATCTGCCCCGCATTGACGTGCCGACTCTGATTATCCATGGCGATGCAGATCGCATTTTGCCCCTGGAGTCCACCGCTGCAAGACTGCCAA,8_PMC8651088,Synechocystis,PCC6803
NC_000911.1:1053641-1053742(-),ATTGCAAAACATTACGACGACATTCTCTATTACAAAGCGGGGGGGATCGCCAAAATTGTCATCAATCGTCCCCATAAACGCAACGCCTTCCGTCCCCAGAC,8_PMC8651088,Synechocystis,PCC6803
NC_000911.1:1013722-1013823(+),GCCTTCCTCAGCTTGCTTAGCCCGTCGTCGGCCTTCAAAGGTAAATGGACGGGTGACAATGCCCACCGTCAAACAGCCCATTTCTTTGGCCACCTCGGCCA,8_PMC8651088,Synechocystis,PCC6803
NC_000911.1:2298321-2298422(-),TGACAGAATGGGGCGATCGCCTCTTTTTTGCAGTGGCTAGGCCTCTGGAACCATTGGATACAAGGGTCAACATTGGGGAGGCTCCGGTTAACCACAGTGTG,8_PMC8651088,Synechocystis,PCC6803
NC_000911.1:1073437-1073538(-),ATTCGAGAAGAGGTGGGGGCAGAAAACTTTTTCCTCTTTGGCCTCACCACTCCAGAAGTGGAAAAAACCTTGGCGGAAGGCTATCAACCTTGGGAATATTA,8_PMC8651088,Synechocystis,PCC6803
NC_000911.1:1778113-1778214(-),CAAAAGTTTGACTTGACTAGCCTGCAAACTGTCCTGGAGAGAAGGCTCTGGGGAAAAGCTGGTGCTGTCGCTATTGAGAATTTCTAGTAGCCCCAGGGTCA,8_PMC8651088,Synechocystis,PCC6803
NC_000911.1:2813125-2813226(+),AAGCTAAGTAGAAGTAAAACACCACTCCGCCCGCCGCATGGCCACTAGGAAAACTACGCCCATCCACATCCACTAAACGGGGTAAAGGTCGAGTACGGTTA,8_PMC8651088,Synechocystis,PCC6803
NC_000911.1:1834030-1834131(-),TTAGCATCCCAGCAGTTTAGTCAGGCCAATGAAATTACCCGCCGCCTGCTGTTGGCCGCTACCAATCGGACACTCCAGGGTTGGTTGACCACCGACACTAT,8_PMC8651088,Synechocystis,PCC6803
NC_000911.1:835639-835740(-),AGGCAGTCACCTGAGTGTTAAAGGCCCTAAAGGGTCCTTGGAAAGACAGTTACCAGAAAAGGTAATTGTGGCCCAAGAAGGGGAAACCATCACCGTCACCC,8_PMC8651088,Synechocystis,PCC6803
NC_000911.1:799221-799322(-),ACGGAATTAGACGCCGATCGCCTGCGGCAATATGGTAGCCCTGTAATCGCCATTAACACCGGTCGTTCCTGTCATTTAGATGCCAAAATGGTGGCAGGGGG,8_PMC8651088,Synechocystis,PCC6803
NC_000911.1:2867562-2867663(-),GTTCCTTCTCAAAGTCCGACAGGACTCGCAGACCCCGTAGTAATACCGTTGCCTGTTTTTGCTTAGCGTAGTCCACCGTCAGTCCGTTAAAGCTATCCACG,8_PMC8651088,Synechocystis,PCC6803
NC_000911.1:728501-728602(-),TCCAGGTTAGGGAAAGGGAAAAGGAATGTCAGTCCCCGCTAACATGGAAGTGTTTAGCCAAATATTGACCAGTCAAGTGGAAAAAAAGGGAGTTCTCCGTC,8_PMC8651088,Synechocystis,PCC6803
NC_000911.1:28905-29006(-),CCCAACACCACGATTGTTTTACCAAATCAACCAACTACTTCAAGACAAATTGTTGATTTTGATGAATTTACAGTACATTTTCAAGACAATGAAACCATAAT,8_PMC8651088,Synechocystis,PCC6803
NC_000911.1:2384224-2384325(+),GCTAAAGCCGAGAATGGCAAACTTAGTGGCGGAATAGGTGGCCATGGTGGGGGCCGCCACTTTGCCCATCAAACTAGAAACGTTGACAATGGTGCCCTCTT,8_PMC8651088,Synechocystis,PCC6803
NC_000911.1:1886382-1886483(-),ATTCTTCACTTAAACCGGGCAATAGTCCTAACCAGAGCAAATCTGCCCATACCAGGGGTTTAATCACAAAGGCAAGGTAGGCATCGGCACTGACCCGATAG,8_PMC8651088,Synechocystis,PCC6803
NC_000911.1:1172108-1172209(-),TGCCATCAAGGGGATTGCCCGCATAGATCGCAGTACTTCCTTGGATAAAATCAGGGTTAATGCCAACTAGCAAATCATCGGCATTGAGGGTAGTCGACAAA,8_PMC8651088,Synechocystis,PCC6803
NC_000911.1:1253268-1253369(+),TCAAACCACTAACTCTGCCATGCCAAGGAATTTAACCCCCTCCGGATTAACCATAAATCGACAGGGCATTACCTCCACCCCAGCGGCGATCGCCTGACGGA,8_PMC8651088,Synechocystis,PCC6803
NC_000911.1:2311768-2311869(+),CCATGCCAGCTTCCAACCGTAAGGTATCCCTGGCTCCTAAACCGCAGGGAGTAACACCTTTTGACCCGAAAGTTTGCCAGAGTTGTTTTCCCACTTCTGGG,8_PMC8651088,Synechocystis,PCC6803
NC_000911.1:1956900-1957001(+),CAACCCCTTGGTTAGTTCCATGGGCAATATTGAAATAGAAGTAATGGAAAAAGAGGGGCAAGAATCCTATTTGTTGGCAGCAACGGGATTAAGAATTGATA,8_PMC8651088,Synechocystis,PCC6803
NC_000911.1:1324190-1324291(+),CAAATTCTTTTAGCCCAAGGTAGAGCGCACGGCTGGCTGAAATGGCAGAGGGAACAGTATGAATTTGACCACGCCCTAGTTTATGCCGAAAAAAATTGGGG,8_PMC8651088,Synechocystis,PCC6803
NC_000911.1:2719800-2719901(-),TTTAATTTTCACCTGATTATAGTAGGCAATGACTCCGCCCCAGAAGTAGTCAGAACTGCCTGGTTGATCGGTCAACAAAGCTCCTAAACCGCCGCCTGTGC,8_PMC8651088,Synechocystis,PCC6803
NC_000911.1:3154989-3155090(-),GGAAGTCCTGCAAATGGCGCTCATATTCCCTTACCAGATAGGACCCTGGTGTCCAGACGGGAAATTTCAGTTCTAGTACAGAAGCAGTGAAGCCTTGAATA,8_PMC8651088,Synechocystis,PCC6803
NC_000911.1:3544049-3544150(+),ATCCCCTTTACACGGATGCTCGCTACGGGAAAAGTCCCTACACCCACTTGGAGCGTTTTTCCGACACGAAAAAAGAGGCTCACACTAAGGCGAATTTCTTT,8_PMC8651088,Synechocystis,PCC6803
NC_000911.1:2197847-2197948(+),AAAATAGGGTTAGTAAGGTAGCGAGGGAAAGACCGGAAAACACCACAATGCCCAAAGGTTGGAGCAATTCTGATCCTTGTCCAATGCCCAGGGCGAGGGGA,8_PMC8651088,Synechocystis,PCC6803
NC_000911.1:1774591-1774692(+),AAGGCTGGGATGAAAAAGCTTTGGTGGTTAGTGAATCCGCTAAAGCTAGATCTTTGTTGGATATTTTGGCCCAAACCCCAGGGAAAATCACCAAGGGAATT,8_PMC8651088,Synechocystis,PCC6803
NC_000911.1:722820-722921(+),TTTAAAAATCCAGTTAGCAGATTTAGAACCCCAGGAAAAAGATCTTAAAGAGCAGTTGCAAAAGCTGTTACTAGAACTGCCCAATTTGCCTTGTGAAACCA,8_PMC8651088,Synechocystis,PCC6803
NC_000911.1:1702358-1702459(-),TCAACGTAATCATATTCACTGTGCCTTACAGGTCTGGAATTTTCTTCGTCGTCAAGCGGTTAATAGCCCATTGACAGTCTACGAAATATCTCATCAACCAT,8_PMC8651088,Synechocystis,PCC6803
NC_000911.1:433482-433583(-),GTATCGTTTAGGGCAAGCATTGAGCCGAGTTTGGAATGGTTACATTACGATTTTAGTCCCTTCCGATCGCCGACCGTTGGATCTGGGAATTTTCAGCATTT,8_PMC8651088,Synechocystis,PCC6803
NC_000911.1:516091-516192(-),CGGCTACAATTGATGGAAAAATTTGCCGATCGCCCGTTGGATCAGTACAAATTAGAAGAGTTGGAAACCCTATGGCAGCAGGCCAAAAAGCAACTTAACCA,8_PMC8651088,Synechocystis,PCC6803
NC_000911.1:643810-643911(-),CGTAATCCCGGTCGTTATCGCAGTGTTTCCACCTTCTCTCCCATTGTTGCCCCCACTCAAGTTCCCTGGGGACAAAAGGCCTTCCAAGCTTATTTAGGGGA,8_PMC8651088,Synechocystis,PCC6803
NC_000911.1:904438-904539(-),TAGCCCAACAGTAGGGAAGTAGCTTTGCGTTCTTCGTTGCTGAGGTGTTTGAATAGTTGCCGCACCACCTTGGCCGGAAGTTCGTCCAATAGCCTGACCCG,8_PMC8651088,Synechocystis,PCC6803
NC_000911.1:1141170-1141271(+),TTGCCGCTTGCACCCCCAACCGGGAACCGGACACACAGGGATTATAAAGATCGGTCTGCACGGGGGAATATTCCGGGTTAATGCGTAAACCTGCTTTTACC,8_PMC8651088,Synechocystis,PCC6803
NC_000911.1:2704578-2704679(-),TGCTTGGGGAGAAGATGCGGAAACGGAGCAATTATTCGGCAAAGAGGGATTACAGCGATTTTTGGGTCTCGCCTTTACTGAACCGGCTTGTTTATTAGATT,8_PMC8651088,Synechocystis,PCC6803
NC_000911.1:251266-251367(+),TTTGAACACCTAGCAGACATTATTGACTTGCCAGAAGGAAAGCGGAGTCCTGATACCTATTCTCGTCTGTTACAGTATCTAGCCCTAGAACAGCGTCACCA,8_PMC8651088,Synechocystis,PCC6803
NC_000911.1:2683020-2683121(+),CTTAACCTCCGGCATAGCTCTAAACCGGACATGCCCGGCAGGGCTCCATTCACAATGATTAAATCGGGGGGAAATTCCTGGGCTTGGGTAAAGCCCTTTAG,8_PMC8651088,Synechocystis,PCC6803
NC_000911.1:989858-989959(+),TTATGGCCCTGCTCAACGATTTCTTTGACCTCTAGGTCAATTTCTTTGGCAGTGTCGTCACTGACCATGCGCCGGGGATTACCCATGCCCTGCCCCAGAAA,8_PMC8651088,Synechocystis,PCC6803
NC_000911.1:783149-783250(-),CCAAATTTGCCCAGACTGGATAAAATTATTCCAGGCATTTTGGAAGTCAGCGAGGATATCAATGGATTTAATCGCACTGATATTCTGAGCAAAAACCATAC,8_PMC8651088,Synechocystis,PCC6803
NC_000911.1:825158-825259(+),TGCCAGCACCCACACAAGCTCCCCCCGCAATAGGGTTGGAGGAGGTGACGTAGGGGTAGGTGCCATGGTCTAAATCTAGTAGAGTGCCCTGGGCCCCTTCA,8_PMC8651088,Synechocystis,PCC6803
NC_000911.1:1467600-1467701(+),AATGACATGGTCCCAATGACGTAACCAGATTTGACTGATGGCTGGGTAGAAGTTATCCCATTTCTGAGAAAAAGCATCCAGAGCCGTTTCTGATCCTGACT,8_PMC8651088,Synechocystis,PCC6803
NC_000911.1:310391-310492(-),TTTCGGCTTTTCTGCGTTCGGTAATATCGCGCATGACAAACAGTAAACAATCTACCCGATTAAATTCCATCGGCTCCCCGGATAGCAACATTGTCCGGACT,8_PMC8651088,Synechocystis,PCC6803
NC_000911.1:849057-849158(+),GTTAAAACTTTTGCAATTGGTCAGCCCGACCCTGCCGGTGGGAGCCTACAACTATTCCGAAGGCTTAGAATGGTTGATAGAACGGGGAAATATTACTAATG,8_PMC8651088,Synechocystis,PCC6803
NC_000911.1:2594411-2594512(-),TTGAAAATGCCAAAGGGTCGTTGATGCTTGATGCGAAAGCAAAAAGCCTCATTCAGTCGCTGACAAGCTTCCTCTTCCACCCCCACCTTCACCTCAATGCC,8_PMC8651088,Synechocystis,PCC6803
NC_000911.1:3069853-3069954(-),TATTCCCTATTCGCACATTGCGCTACTGCACAGCAACAATGTTTTAGCGACGACGGTTCAGCAAACCTGTATACGTTATCGCGATGAGTCCACTGTTTGTC,8_PMC8651088,Synechocystis,PCC6803
NC_000911.1:1892477-1892578(+),CTAATTGCGAATGGGATAAACATTGGTTAGTCGAGGATAGGTCTCCCCGGGGCGGATTATCCAAGCACTAAGTACTTTCGCTGTTCCAGTGGTAGTGGTCA,8_PMC8651088,Synechocystis,PCC6803
NC_000911.1:1901865-1901966(-),CGCATTAAAGAAAATGAAAATAAACAGAAAAAAAAAGAACTACGTTATCGAGAAAGAAACCGGGAGGAACGAGTTAAGTACTATAGAATGTTAAGAGAACT,8_PMC8651088,Synechocystis,PCC6803
NC_000911.1:3166701-3166802(-),AACTCTGGCTAATAAATTCAATGTCTGCTTCTTCCAGGGCTGCCGCCGCCTTATTCATGGCCGTACCAATGGGCTTGCCGTAGGCGATCGCCATGCCCTGT,8_PMC8651088,Synechocystis,PCC6803
NC_000911.1:596779-596880(-),ACAATGGACCAAGCAATTTTTTCCCGTTCGCTGTAAACGTCCCGCCCTAAAATCTTCTGTACACAGTGCTCAACGAAGCGGTAGTTACTATTCTTTTCGTA,8_PMC8651088,Synechocystis,PCC6803
NC_000911.1:3412400-3412501(+),CTGTCCAGTTTCTTGGCGATAAAGTGCAACGGTAATGGGATCATAGCCAAAGCTGTAGGGATAGCCAAAATGATCATCTAATTGAATACCATCCACATCGT,8_PMC8651088,Synechocystis,PCC6803
NC_000911.1:3015321-3015422(+),TTGGGATTTGGATCTTCTAACTAATGGCATTGTGTGGTCAGAAAGCCTGGAGCAAATGATGGGACTTAAGCCGGGAAGCTTTGATGGCGACCTAGAAAAAG,8_PMC8651088,Synechocystis,PCC6803
